index,created,comment_id,author,body,parent_id,submission_id,score,subreddit,subreddit_id,submission_group,commment_group,timestamp,linked_users,linked_subreddits,processed_body,sentiment
21,1542734698,ea41qcc,The_Best_Taker,New York Times already had her as the winner weeks ago,t3_9ytcwe,9ytcwe,6,politics,t5_2cneq,democrats,Republican,20/11/18 12:24,[],[],yorokay tinstant message already winner weeokays,0.5859
22,1542738824,ea47lrb,urbanlife78,"With Democrats more in charge for the 2020 census, that should change a number of the gerrymandering. Granted most Democrats will just work it in their favor like the Republicans did. This should have been an amendment that required House districts to be drawn up by non partisan groups that only looked at population and region commonality.",t1_ea3urnl,9ytcwe,1,politics,t5_2cneq,democrats,Republican,20/11/18 13:33,[],[],de-mailoriginal contentrats charge census change number gerrymander grant de-mailoriginal contentrats worokay favor liokaye republicans amendirect messageent require house district draw partisan group loookayed poriginal posterulation region commonalithank,0.7579
27,1542741210,ea4ard0,urbanlife78,"That is pretty funny, in a number of states, non-partisan committees will tend to put together an overall number of districts that are more liberal because more voters tend to be more liberal. Here in Oregon it is a non-partisan districting and we have all our districts as liberal expect for one.",t1_ea499ws,9ytcwe,2,politics,t5_2cneq,democrats,Republican,20/11/18 14:13,[],[],pretthank fuck younny number state partisan commin threadees tend together overall number district liberal voters tend liberal oregon partisan district district liberal expect,0.7717
28,1542749342,ea4lgxv,urbanlife78,"I would really love to see the country move in that direction. Voting and districts should be clear and easy to understand, and make it so it is easy to register and vote. We should have voting percentages be 70-80% on average every election.",t1_ea4l2sw,9ytcwe,2,politics,t5_2cneq,democrats,Republican,20/11/18 16:29,[],[],would really love country move direction vote district clear easy understand maokaye significant easy register vote vote percentages average every election,0.9168
30,1542738922,ea47qh2,urbanlife78,And now we can all get 24 hour news feed straight to us through our echo chamber filters on our phones.,t1_ea407z8,9ytcwe,0,politics,t5_2cneq,democrats,Republican,20/11/18 13:35,[],[],hour news fee strainstagramht echo chamber filter phone,0.2263
37,1536674926,e5s9feh,JollyGreenJesus,"This is some of what this poster said.

>Thatâ€™s complete bs. As a proud leftist and liberal, fuck you all who keep attempting to rewrite history the same way the far right â€œkkk was Dâ€ do. Youâ€™re just as big liars as they are.  
>  
>\[...\]  
>  
>**TL;DR** you far-leftists are as much idiots and violent as the far right. Stop it. Weâ€™d be far better without and and youâ€™re the only reason why the right is united: They think weâ€™re all like this.

You acted like a huge jerk.  That's why you're being downvoted.  Stop acting like a jerk, be civil, and you'll have better conversations.",t3_9e7s8m,9e7s8m,2,centrist,t5_2qx8j,democrats,Republican,11/09/18 10:08,[],[],significant otherme poster say complete proud leftist liberal fuck youcokay okayeep atte-mailpting rewrite history rinstagramht coolokay binstagram liars leftists much idiots violent rinstagramht storiginal poster better without reasignificant othern rinstagramht unite thinokay liokaye act liokaye huge jerokay downvoted storiginal poster act liokaye jerokay civil better conversorry thations,0.128
39,1536714501,e5thfrn,JollyGreenJesus,Not worth it.,t1_e5tg0mq,9e7s8m,2,centrist,t5_2qx8j,democrats,Republican,11/09/18 21:08,[],[],worth,-0.1695
41,1536719528,e5tmgfv,JollyGreenJesus,Poor trolling attempt.  You need to be more subtle.  ,t1_e5tjlnq,9e7s8m,1,centrist,t5_2qx8j,democrats,Republican,11/09/18 22:32,[],[],poor troll atte-mailpt need subtle,-0.4767
53,1444959564,cw1ddk2,pimanac,"Hi `SamuraiRafiki`. Thank you for participating in /r/Politics. However, [your submission](https://www.reddit.com/r/politics/comments/3ox0ev/hillary_clinton_eyes_sec_of_housing_and_urban/) has been removed for the following reason(s):

* [Unacceptable Title](http://www.reddit.com/r/politics/wiki/rulesandregs#wiki_do_not_create_your_own_title.) - Your headline must be comprised only of the copied and pasted headline of the article AND/OR a continuous quote taken from the article. If using a quote, it should reflect the article as a whole

    **We recommend not using the Reddit 'suggest a title' as it tends to not give the exact title of the article.**



If you have any questions about this removal, please feel free to [message the moderators.](https://www.reddit.com/message/compose?to=/r/politics&subject=Question regarding the removal of this submission by /u/SamuraiRafiki&message=I have a question regarding the removal of this [submission.](https://www.reddit.com/r/politics/comments/3ox0ev/hillary_clinton_eyes_sec_of_housing_and_urban/\))",t3_3ox0ev,3ox0ev,1,politics,t5_2cneq,democrats,Republican,15/10/15 21:39,['/u/SamuraiRafiki'],"['r/Politics', 'r/politics', 'r/politics', 'r/politics', 'r/politics']",samurairafiokayi thanokay participate politics however submission https reddit politics comment hillary clinton eye house urban re-mailoved follow reasignificant othern unacceptable title http reddit politics wiokayi rulesandregs#wiokayi create title headline must comprise coriginal posteried paste headline article continuous quote taokayen article use quote reflect article whole recommend use reddit suggest title tend give exact title article question re-mailoval please feel free message moderatorerators https reddit message compose politics subject question regard re-mailoval submission samurairafiokayi message question regard re-mailoval submission https reddit politics comment hillary clinton eye house urban,0.8625
61,1542321639,e9s0vwd,StatisticalAstronaut,"Their policies are so cruel that they attract white supremacists, then get upset that their cruelty is associated with white supremacists.    ",t1_e9rsvbp,9xf6pn,1,politics,t5_2cneq,democrats,Republican,15/11/18 17:40,[],[],policies significant cruel attract white supre-mailacists upset cruelthank assignificant otherciated white supre-mailacists,-0.9164
110,1537930845,e6nfn3k,autotldr,"This is the best tl;dr I could make, [original](https://www.motherjones.com/politics/2018/09/jeff-sessions-couldnt-get-state-ags-to-back-his-campaign-against-tech/) reduced by 89%. (I'm a bot)
*****
> Attorney General Jeff Sessions summoned a group of his state-level counterparts to visit DC to discuss tech regulations on Tuesday.

> While Sessions tried to push the group of attorneys general to join him in attacking tech companies for supposed political bias against conservatives, the state-level AGs brushed aside Sessions to instead focus on consumer privacy.

> &quot;He repeatedly mentioned that concept of political bias without calling it that,&quot; Maryland Attorney General Brian Frosh, one of the few Democrats in attendance, tells Mother Jones about Sessions opening remarks.


*****
[**Extended Summary**](http://np.reddit.com/r/autotldr/comments/9iyri1/jeff_sessions_couldnt_get_state_ags_to_back_his/) | [FAQ](http://np.reddit.com/r/autotldr/comments/31b9fm/faq_autotldr_bot/ ""Version 2.02, ~352697 tl;drs so far."") | [Feedback](http://np.reddit.com/message/compose?to=%23autotldr ""PM's and comments are monitored, constructive feedback is welcome."") | *Top* *keywords*: **Attorney**^#1 **General**^#2 **Department**^#3 **Sessions**^#4 **tech**^#5",t3_9ix0oi,9ix0oi,1,politics,t5_2cneq,democrats,Republican,25/09/18 23:00,[],"['r/autotldr', 'r/autotldr']",best could maokaye orinstagraminal https motherjones politics jeff sessions couldnt state backnowledge camerapainstagramn tech reduce attorney general jeff sessions summon group state level counterparts visit dissee youss tech regulations tuesday sessions try push group attorneys general join hinstant message attacknowledgeing tech company suppose political bias conservatives state level brush aside sessions instead foriginal contentus consumer privacy quot repeatedly mention concept political bias without call quot maryland attorney general brian frosh de-mailoriginal contentrats attendance tell mother jones sessions original posterening re-mailarokays extend summary http reddit autotldr comment iyri jeff sessions couldnt state backnowledge frequently ask question http reddit autotldr comment frequently ask question autotldr version significant feedbacknowledge http reddit message compose autotldr comment monitor constructive feedbacknowledge welcome toriginal poster okayeywords attorney general department sessions tech,0.3818
112,1537733855,e6icq9o,thatguyjavi,"If you talk to your doctor, they can point you to their pharmaceutical rep. and if you can prove they you canâ€™t buy insulin (like after paying rent and bills and food) then the company that makes the insulin will put you on a program and basically give you the insulin and they cover it. They do it for PR but they does exist.",t3_9i942s,9i942s,1,politics,t5_2cneq,democrats,Republican,23/09/18 16:17,[],[],talokay doriginal contenttor point pharmaceutical prove insulin liokaye pay rent bill food company maokayes insulin program basically give insulin cover exist,0
113,1537730774,e6i8lbf,phungus_mungus,"> He died less than one month after going off of his motherâ€™s insurance. 

Itâ€™s almost like itâ€™s what they want, our overlords are quietly killing us off...",t1_e6hsfan,9i942s,2,politics,t5_2cneq,democrats,Republican,23/09/18 15:26,[],[],die less month go mother insurance almost liokaye want overeal lifeords quietly okayilling,-0.7574
121,1535043602,e4pb8vg,JollyGreenJesus,The kind of president we needed (a true â€œman of the peopleâ€).  But not the one we deserved.,t3_99o9hy,99o9hy,1,politics,t5_2cneq,democrats,Republican,23/08/18 13:00,[],[],okayind preddit enhancement suiteident need true peoriginal posterle deserve,0.4215
125,1535049576,e4pim4u,Stevemagegod,Seems like it. Which is pretty dam sad. Democrats always cry about how Republicans are only for the rich. Meanwhile Democrats go on there marry way buying expensive shit and buying multiple homes. Right now there claiming Trump is using the Office of the Presidency to enrich himself when he hasnâ€™t even accepted one Presidential Pay Check while ignoring Obamaâ€™s egregious spending like you said. ,t1_e4peh3o,99o9hy,2,politics,t5_2cneq,democrats,Republican,23/08/18 14:39,[],[],see-mails liokaye pretthank de-mailoriginal contentrats always republicans rich meano wayhile de-mailoriginal contentrats marry buy expensive shit buy multiple home rinstagramht clainstant message trump use office preddit enhancement suiteidency enrich hinstant messageself even accept preddit enhancement suiteidential checokay instagramnoring obask anything egregious spend liokaye say,0
169,1543320070,eakbbpq,autotldr,"This is the best tl;dr I could make, [original](https://www.businessinsider.com/china-trade-war-trump-blames-gm-for-job-losses-caused-by-his-tariffs-2018-11) reduced by 72%. (I'm a bot)
*****
> China trade war: Trump blames GM for job losses caused by his tariffs - Business Insider US President Donald Trump is railing against GM&#039;s decision to close plants and axe up to 14,000 jobs, despite the role his trade war played in triggering the events in the first place.

> When listing reasons behind the job cuts on Monday, General Motors tiptoed around trade policy and blamed a host of other factors instead. But the company has been much more direct in its criticism of Trump&#039;s trade war in the past.

> In June, GM warned that trade tariffs could lead to job losses and lower wages, telling the Commerce Department that higher steel tariffs would impact competitiveness.


*****
[**Extended Summary**](http://np.reddit.com/r/autotldr/comments/a0u7si/gm_warned_trump_that_his_china_tariffs_would_hurt/) | [FAQ](http://np.reddit.com/r/autotldr/comments/31b9fm/faq_autotldr_bot/ ""Version 2.02, ~367025 tl;drs so far."") | [Feedback](http://np.reddit.com/message/compose?to=%23autotldr ""PM's and comments are monitored, constructive feedback is welcome."") | *Top* *keywords*: **plant**^#1 **tariffs**^#2 **trade**^#3 **Trump**^#4 **Assembly**^#5",t3_a0u14t,a0u14t,2,politics,t5_2cneq,democrats,Republican,27/11/18 7:01,[],"['r/autotldr', 'r/autotldr']",best could maokaye orinstagraminal https businessinsider china trade trump blame losses cause tariff reduce china trade trump blame losses cause tariff business insider preddit enhancement suiteident donald trump rail decision close plant job despite role trade play trinstagramgering events first place list reasignificant otherns behind youts monday general motor tiptoe around trade policy blame host factor instead company much direct criticism trump trade past june warn trade tariff could lead losses lower wag tell commerce department hinstagramher steel tariff would instant messagepact competitiveness extend summary http reddit autotldr comment warn trump china tariff would hurt frequently ask question http reddit autotldr comment frequently ask question autotldr version significant feedbacknowledge http reddit message compose autotldr comment monitor constructive feedbacknowledge welcome toriginal poster okayeywords plant tariff trade trump asse-mailbly,-0.9753
172,1543329887,eaklsy0,TrumptraintoDC,"GM is telling this to the president Trump the man responsible for lowest unemployment for minorities and women in History!! 

Hilarious ",t3_a0u14t,a0u14t,-16,politics,t5_2cneq,democrats,Republican,27/11/18 9:44,[],[],tell preddit enhancement suiteident trump reddit enhancement suiteponsible lowest une-mailployment minorities women history hilarious,-0.2695
187,1543332052,eakouxk,cakemuncher,"That's why the 2 party system sucks. People on the left are heavily divided on issues. People with an authoritarian mindset accept whatever their leader proposes so they unite easier. 

For Christ sake, we even installed a Parliament democracy in Iraq. So even our own government knows that our system is shit and had to replicate other countries system instead when creating democracies.",t1_eakmpwo,a0u14t,7,politics,t5_2cneq,democrats,Republican,27/11/18 10:20,[],[],parthank soonte-mail sucokays peoriginal posterle leave heavi love divide issue peoriginal posterle authoritarian mindset accept whatever leader proriginal posteroses significant unite easier christ saokaye even instal pareal lifeiament de-mailoriginal contentracy iraq significant even governothing muchent okaynows soonte-mail shit replicate countries soonte-mail instead create de-mailoriginal contentracies,0.5367
191,1543248194,eaialr1,Deep_Banana,"About time lol, they got mountains of violence ahead of them before they catch up with the left.",t3_a0j6pi,a0j6pi,-51,politics,t5_2cneq,democrats,Republican,26/11/18 11:03,[],[],tinstant messagee laugh loud mountains violence ahead the-mail catake careh leave,-0.3182
200,1543262711,eaiusfv,Deep_Banana,I disagree,t1_eaiqsqu,a0j6pi,-2,politics,t5_2cneq,democrats,Republican,26/11/18 15:05,[],[],disagree,-0.3818
208,1542743809,ea4e6qb,owen_skye,"This lady sucks, and needs to go pay her massive debt back, and get out of our faces. ",t3_9ysenh,9ysenh,-5,politics,t5_2cneq,democrats,Republican,20/11/18 14:56,[],[],lady sucokays need massive debt backnowledge face,-0.6597
213,1542206881,e9okm63,CheetoVonTweeto,Riiiight. No one likes Ted Cruz and he still won. ,t3_9wzbgl,9wzbgl,-14,politics,t5_2cneq,democrats,Republican,14/11/18 9:48,[],[],riiiinstagramht liokayes cruz stoday learnedl,0.6486
214,1542206080,e9ojobo,ABraveLittle_Toaster,"It should be a clean wave, we need to get both Democrats and Republicans who should not be in  power out of office. ",t1_e9oddb8,9wzbgl,1,politics,t5_2cneq,democrats,Republican,14/11/18 9:34,[],[],clean wave need de-mailoriginal contentrats republicans power office,0.4019
215,1542198419,e9ocoai,Fellow-dat-guy,"Gorsuch was a stolen seat, how is kavanaugh? ",t1_e9obotc,9wzbgl,13,politics,t5_2cneq,democrats,Republican,14/11/18 7:26,[],[],gorsuch steal seat okayavanaugh,-0.4939
217,1542224200,e9p6xk8,Dogdays991,"He was nutbars, he just also happened to be partially right",t1_e9okqp4,9wzbgl,1,politics,t5_2cneq,democrats,Republican,14/11/18 14:36,[],[],nutbars alsignificant happen partially rinstagramht,0
222,1542109230,e9m1nzf,kygipper,deleted  ^^^^^^^^^^^^^^^^0.8813  [^^^What ^^^is ^^^this?](https://pastebin.com/FcrFs94k/61570),t1_e9m10t8,9wo1rv,-3,politics,t5_2cneq,democrats,Republican,13/11/18 6:40,[],[],delete https pastebin fcrfs okay,0
238,1541183893,e8xfqbf,Hyrax09,"  Canâ€™t wait for Tuesdayâ€™s election. The watermark will be do the Dems do as good as Reps did in 2010. Anything less and itâ€™s a failure. But even if or when the Dems won the House, Trump will have an easier time and a willingness that Obama never had to work with the House. Trump is probably more comfortable with Dems and even with them in control of the House, stuff will get done. ",t3_9tiqac,9tiqac,0,politics,t5_2cneq,democrats,Republican,02/11/18 14:38,[],[],wait tuesday election whatermarokay de-mails good reps anything less love youre even de-mails house trump easier tinstant messagee willingness obask anything never worokay house trump probably comfortable de-mails even the-mail control house stuff do,0.9013
243,1541186788,e8xjp1s,Hyrax09,What rewrite in particular would that be?,t1_e8xguej,9tiqac,0,politics,t5_2cneq,democrats,Republican,02/11/18 15:26,[],[],rewrite partisee yoular would,0
246,1541066207,e8u9ehs,dakandy,"And Donald Trump took away all his hopes twice. First, when the executive order was negated. And second, when Trump backed out of the comprehensive immigration reform bipartisan bill after he said he would go ahead with it to Schumer. Trump wonâ€™t even give the dreamers a break. Do you think the dreamers should have a road to citizenship? Because the GOP is now the party of Trump this is the main issue that separates Dems from Reps. Trump even wants to take away family reunification which is the same option Melaniaâ€™s parents used a few months back.",t3_9t7uxj,9t7uxj,4,politics,t5_2cneq,democrats,Republican,01/11/18 5:56,[],[],donald trump toookay away horiginal posteres twice first exesee youtive order negate second trump backnowledgeed comprehensive instant messageminstagramration reform bipartisan bill say would ahead schumer trump even give dreamers breaokay thinokay dreamers road citizenship goriginal poster parthank trump main issue separate de-mails reps trump even want taokaye away fami love reunification original postertion melania parent use months backnowledge,0.765
257,1539893468,e80q50r,TapTheForwardAssist,"""Welp, I've dug myself a hole; no way out but to keep digging!""",t3_9pbn11,9pbn11,3,politics,t5_2cneq,democrats,Republican,18/10/18 16:11,[],[],welp hole okayeep dinstagramging,-0.2244
264,1539354805,e7myq8v,YutakaAoki,when are dems gonna learn to fight dirty? following the rules is a losing strategy these days.,t3_9ninfi,9ninfi,2,politics,t5_2cneq,democrats,Republican,12/10/18 10:33,[],[],de-mails gonna learn finstagramht dirthank follow rule lose strategy days,-0.7964
267,1539366668,e7ncnpd,martiro45,"Didnâ€™t the opposition get accused of registering dead people as voters during the last election? No matter what your feelings, GET OUT AND VOTE.",t3_9ninfi,9ninfi,1,politics,t5_2cneq,democrats,Republican,12/10/18 13:51,[],[],original posterposition acsee yoused register dead peoriginal posterle voters last election matter feel vote,-0.8225
268,1539351547,e7mvamg,pm_me_ur_cryptoz,No they don't,t3_9ninfi,9ninfi,-6,politics,t5_2cneq,democrats,Republican,12/10/18 9:39,[],[],,-0.296
269,1539353564,e7mxddp,Daft-Pretty-boys,"Assuming this isnâ€™t true (just like a person would assume their ex wife is a lying bitch because she lies all the time and gaslights you just like the news) and republicans arenâ€™t suppressing voters, this tells me the Democrats are expecting a red wave and are trying to get out front of it and claim the midterms are illegitimate too. ",t3_9ninfi,9ninfi,-7,politics,t5_2cneq,democrats,Republican,12/10/18 10:12,[],[],assume true liokaye persignificant othern would assume wife lie bitake careh lie tinstant messagee gage locationinstagramhts liokaye news republicans suppreddit enhancement suit voters tell de-mailoriginal contentrats expect wave try front clainstant message midterms illegitinstant messageate,-0.4939
270,1539367056,e7nd4q0,mrmax7,"

Closing polling places in communities of color. -Republicans want majority of ""color"" votes. Effects both parties equally.

Purging eligible voters from the rolls without their knowledge - Untrue but any voting site will do a provisional ballot. Also, it is called a roster.

Barring felons from voting. - Felons lose a lot of rights, effects both parties equally.

Voter ID laws - You have to be a US citizen per the constitution. Effects both parties equally.

Eliminating early voting - Random, effects both parties equally.",t3_9ninfi,9ninfi,-1,politics,t5_2cneq,democrats,Republican,12/10/18 13:57,[],[],close poll place communities color republicans want majorithank color vote effect party equally purge elinstagramible voters roll without okaynowledge untrue vote site provisional ballot alsignificant call roster bar felons vote felons lose rinstagramhts effect party equally voter laws citizen constitution effect party equally elinstant messageinating eareally vote random effect party equally,0.8442
278,1539357560,e7n1vsd,Rathier,"> complain about being white victims of an unfair society stacked against them.

WOW!  I've literally never heard anyone say that about white people.  You are projecting very hard!",t1_e7mw6bm,9ninfi,-2,politics,t5_2cneq,democrats,Republican,12/10/18 11:19,[],[],complain white victinstant message unfair significant otherciethank stacknowledgeed the-mail literally never hear anyone white peoriginal posterle project hard,-0.5638
284,1539356284,e7n0eo1,Rathier,"> Because you donâ€™t need an id to fly

Someone has never flown.

",t1_e7muqoa,9ninfi,4,politics,t5_2cneq,democrats,Republican,12/10/18 10:58,[],[],need significant othermeone never fly,0
285,1539354886,e7mytfh,r_slash_politics_sux,How about this... The left is complaining about Russia interfering and hacking elections and voter fraud to some capacity. The right responds with the horrible requirement of having a *gasp* form of identification to vote! Oh the unreasonable expectations! ,t1_e7mxe0f,9ninfi,-27,politics,t5_2cneq,democrats,Republican,12/10/18 10:34,[],[],leave complain russia interfere hacknowledgeing elections voter fraud significant otherme capacithank rinstagramht reddit enhancement suiteponds horrible require-mailent gasp form identification vote unreasignificant othernable expectations,-0.8652
286,1539355571,e7mzl6z,r_slash_politics_sux,A republican going against a party norm is a sheep? And you're saying this as a liberal in a thread of a typically misleading post in /r/politics of all places. This just might be the most perfect example of the pot calling the kettle black that I've ever seen. ,t1_e7mvcoy,9ninfi,10,politics,t5_2cneq,democrats,Republican,12/10/18 10:46,[],['r/politics'],republican go parthank norm sheep say liberal thread thank youpictureally mislead post politics place minstagramht perfect example call okayettle blacknowledge ever see,0.6115
287,1539357396,e7n1p01,r_slash_politics_sux,This particular case certainly is egregious and thankfully the court struck it down. That doesn't mean all voter ID laws are racist or unreasonable. ,t1_e7myd87,9ninfi,-2,politics,t5_2cneq,democrats,Republican,12/10/18 11:16,[],[],partisee yoular case certainly egregious thanokayfuck yoully court strucokay mean voter laws racist unreasignificant othernable,-0.2023
288,1539356947,e7n1689,Rathier," Only a moron would call identifying yourself and proving you are a citizen with the right to vote, ""suppression.""

You'd have to be an even bigger moron to complain about interference in our elections, even blame it for your woeful losses, and then reject additional verification to help prevent voter fraud.

The left has no logic, they'll just try to label you racist any way they can to discredit you.",t1_e7mxz7o,9ninfi,-2,politics,t5_2cneq,democrats,Republican,12/10/18 11:09,[],[],moron would call identifor informationng prove citizen rinstagramht vote suppreddit enhancement suitesion even binstagramger moron complain interference elections even blame woefuck youl losses reject additional verification help prevent voter fraud leave logic label racist discredit,-0.9771
289,1539352383,e7mw53j,pm_me_ur_cryptoz,Nope ,t1_e7mvrgz,9ninfi,0,politics,t5_2cneq,democrats,Republican,12/10/18 9:53,[],[],noriginal postere,0
290,1539369432,e7ng0fz,mrmax7,"I am being unbiased. It effects both parties, this is just propeganda.

Notice how the article has no government statistics? ",t1_e7nfl1d,9ninfi,1,politics,t5_2cneq,democrats,Republican,12/10/18 14:37,[],[],unbiased effect party proriginal postereganda notice article governothing muchent statistics,0.1027
301,1539356247,e7n0d3d,r_slash_politics_sux,"It's just ironic. Voter ID laws won't affect hacking. But the left is worried about voter fraud in some capacity, yet opposes something as simple as a voter ID? It just makes no sense to me. ",t1_e7mz5e3,9ninfi,-14,politics,t5_2cneq,democrats,Republican,12/10/18 10:57,[],[],ironic voter laws affect hacknowledgeing leave worry voter fraud significant otherme capacithank original posterposes significant othermething sinstant messageple voter maokayes sense,-0.8271
302,1539360244,e7n511u,r_slash_politics_sux,">Lawson began the process of cleaning up the voter rolls in 2014, when her office sent a postcard to every registered voter in Indiana. If postcards were returned as undeliverable, Lawson's office would send a second, forwardable postcard.

>Those who did not update their voter records after receiving the second card were marked as inactive on the state's list of registered voters. Voters who didn't cast ballots in 2014, 2015 or 2016 were then purged from the rolls after the November contest.

https://thehill.com/blogs/ballot-box/329659-indiana-purges-nearly-half-a-million-from-voter-rolls

The part that's not clear here is whether or not both of the above cases had to be true. I assume that they only purged voters who didn't respond as well as haven't voted in 4 years. And I'm also curious what an ""inactive"" status means. I assume it's just a book keeping flag and an inactive voter can still vote until they become purged (from not voting for a long period of time). That seems reasonable to me. Especially when you look at the other points in the article. Like the federal requirement to do exactly this... 

>States are required by federal law to update and correct their voter rolls. But in Indiana, that process was handled almost exclusively at the county level, leaving the task, in some cases, to county offices without the funding or resources to manage the lists.


",t1_e7n35w0,9ninfi,0,politics,t5_2cneq,democrats,Republican,12/10/18 12:04,[],[],lawsignificant othern begin proriginal content clean voter roll office send postake careard every register voter indiana postake careards return undeliverable lawsignificant othern office would send second forwardable postake careard upersonal display affectionte voter record receive second card marokayed inactive state list register voters voters cast ballot purge roll nove-mailber contest https thehill blog ballot indiana purge neareally half million voter roll part clear whether case true assume purge voters reddit enhancement suitepond well vote years alsignificant yourious inactive status mean assume boookay okayeeping flag inactive voter stoday learnedl vote untoday learn become purge vote long period tinstant messagee see-mails reasignificant othernable especially loookay point article liokaye federal require-mailent exactly state require federal upersonal display affectionte correct voter roll indiana proriginal content handle almost exclusively counthank level leave tasokay significant otherme case counthank offices without fuck younding reddit enhancement suiteources manage list,0.5577
303,1539358816,e7n3d32,r_slash_politics_sux,"Or maybe he/she sees this for what it is... An overreaction, and votes on policy instead. ",t1_e7n2u22,9ninfi,1,politics,t5_2cneq,democrats,Republican,12/10/18 11:40,[],[],maybe see overreaction vote policy instead,-0.1779
304,1539361857,e7n6xi3,drift_summary,Pepperidge Farm remembers!,t1_e7n3928,9ninfi,1,politics,t5_2cneq,democrats,Republican,12/10/18 12:30,[],[],pepperidge farm re-maile-mailbers,0
305,1539358452,e7n2xns,Rathier,"If you're a grown ass adult, and you don't have an ID, then maybe you shouldn't be allowed to vote because you're an irresponsible dumb ass?  How about that?

Make all the excuses you want to allow illegals and felons to vote - no one gives a shit about the popular vote, you are still losers.",t1_e7n21vb,9ninfi,-4,politics,t5_2cneq,democrats,Republican,12/10/18 11:34,[],[],grow adult maybe allow vote irreddit enhancement suiteponsible dumb maokaye exsee youses want allow illegals felons vote give shit poriginal posterular vote stoday learnedl losers,-0.9569
306,1539355065,e7mz0sf,pm_me_ur_cryptoz,Nah fam,t1_e7mw6be,9ninfi,1,politics,t5_2cneq,democrats,Republican,12/10/18 10:37,[],[],,-0.1027
310,1539356533,e7n0p2n,pm_me_ur_cryptoz,"This is the kind of pointless political arguing that I do like.  No violence,  no name calling,  just pure wasted energy,  the same level of progress as the usual,  and nobody gets hurt. 


But I see what you are sayin,  and nope.  They don't.  ",t1_e7n0a4f,9ninfi,2,politics,t5_2cneq,democrats,Republican,12/10/18 11:02,[],[],okayind pointless political argue liokaye violence name call pure waste energy level progreddit enhancement suit usual nobody get hurt sayin noriginal postere,-0.8934
316,1539268371,e7kquny,soyalero,Just look at him... ðŸ˜,t3_9n8hxq,9n8hxq,2,politics,t5_2cneq,democrats,Republican,11/10/18 10:32,[],[],loookay hinstant message,0
317,1539269226,e7kru5c,ABraveLittle_Toaster,Iâ€™m gonna start a new country fuck America ,t3_9n8hxq,9n8hxq,1,politics,t5_2cneq,democrats,Republican,11/10/18 10:47,[],[],gonna start country fuck youcokay america,-0.5423
321,1539269900,e7ksmrm,1994spaceodyssey,Itâ€™s not that serious. ,t1_e7ke501,9n8hxq,1,politics,t5_2cneq,democrats,Republican,11/10/18 10:58,[],[],serious,0.0572
328,1539263163,e7klfdf,Daft-Pretty-boys,"{ignore_house_representation.exe
}",t1_e7kl6p7,9n8hxq,4,politics,t5_2cneq,democrats,Republican,11/10/18 9:06,[],[],instagramnore house repreddit enhancement suiteentation,0
333,1539264669,e7kmw9q,CustersLastDance,"Yes, Obama was a centrist looking at agenda/results. Political compromise is one thing but to campaign as a shining classical or even neoliberal and bend over on/agree with these (among many, many other agenda points) things is absurd, x1000 when republicans say he was a socialist.",t1_e7klazz,9n8hxq,1,politics,t5_2cneq,democrats,Republican,11/10/18 9:31,[],[],obask anything centrist loookaying agenda reddit enhancement suiteults political compromise thing camerapainstagramn shin classical even nend lifeiberal bend agree among many many agenda point things absurd republicans significant othercialist,0.2144
345,1538989631,e7dsr2c,StatisticalAstronaut,"I'm no fan of him, i hate he voted for Kavanaugh, but if he loses, Democrats have less of a chance of retaking the Senate, and being in charge of investigations.   We need his ass in that seat so democrats can be the chairs of the committees",t1_e7ds57v,9md5m4,13,politics,t5_2cneq,democrats,Republican,08/10/18 5:07,[],[],hinstant message hate vote okayavanaugh lose de-mailoriginal contentrats less chance restimated time arrivalokaying senate charge investinstagramations need seat significant de-mailoriginal contentrats chair commin threadees,-0.8367
348,1540569874,e8hv3jk,autotldr,"This is the best tl;dr I could make, [original](https://www.businessinsider.com/wikipedia-founder-jimmy-wales-donald-trump-backlash-is-coming-2018-9) reduced by 81%. (I'm a bot)
*****
> Business Insider Wikipedia founder Jimmy Wales has some grudging respect for Donald Trump - but he thinks a backlash against the US president is coming.

> &quot;Donald Trump is a very talented man as a TV character, as a manipulator of the media, of news agenda. He&#039;s played the entire world. We have to give him some kind of perverse credit for that,&quot; Wales told Business Insider.

> Trump has managed this, in part, because &quot;He lies all the time and openly and cavalierly doesn&#039;t care about the truth,&quot; Wales said.


*****
[**Extended Summary**](http://np.reddit.com/r/autotldr/comments/9rm1cu/wikipedia_founder_jimmy_wales_theres_going_to_be/) | [FAQ](http://np.reddit.com/r/autotldr/comments/31b9fm/faq_autotldr_bot/ ""Version 2.02, ~360075 tl;drs so far."") | [Feedback](http://np.reddit.com/message/compose?to=%23autotldr ""PM's and comments are monitored, constructive feedback is welcome."") | *Top* *keywords*: **Wales**^#1 **think**^#2 **Business**^#3 **Trump**^#4 **truth**^#5",t3_9lad2l,9lad2l,1,politics,t5_2cneq,democrats,Republican,26/10/18 12:04,[],"['r/autotldr', 'r/autotldr']",best could maokaye orinstagraminal https businessinsider wiokayipedia founder jinstant messagemy wales donald trump backnowledgelash come reduce business insider wiokayipedia founder jinstant messagemy wales significant otherme grudge reddit enhancement suitepect donald trump thinokays backnowledgelash preddit enhancement suiteident come quot donald trump talented character manipulator media news agenda play entire woreal lifed give hinstant message significant otherme okayind perverse credit quot wales tell business insider trump manage part quot lie tinstant messagee original posterenly cavaliereally care truth quot wales say extend summary http reddit autotldr comment wiokayipedia founder jinstant messagemy wales thereddit enhancement suite go frequently ask question http reddit autotldr comment frequently ask question autotldr version significant feedbacknowledge http reddit message compose autotldr comment monitor constructive feedbacknowledge welcome toriginal poster okayeywords wales thinokay business trump truth,0.872
358,1538496860,e71abcn,lonnie123,"Bro, Iâ€™ll be voting D in November but Iâ€™ll destroy some Arbyâ€™s. ",t1_e710ktk,9kpai8,1,politics,t5_2cneq,democrats,Republican,02/10/18 12:14,[],[],vote nove-mailber destroy significant otherme arby,-0.6956
374,1537796820,e6jqe11,1994spaceodyssey,When was the dems main concern ever about being focused on vets..? ,t1_e6jiof5,9igrmz,0,politics,t5_2cneq,democrats,Republican,24/09/18 9:47,[],[],de-mails main concern ever foriginal contentused vet,0.3818
380,1537816584,e6kdjdc,Wardamntoucan,â€œAs a republicanâ€ lmfao,t1_e6jirxf,9igrmz,2,politics,t5_2cneq,democrats,Republican,24/09/18 15:16,[],[],republican laugh freak,0.5423
382,1537799466,e6jt3rh,PelonMusk,"You have been abandoned. US military is ran like a DMV....no one in politics really gives a shit. If they did, sevice members would maybe....get paid a liveable wage, have nice facilities, maybe get decent healthcare, etc. 

Plenty of money to go around to the corporations but none left for you. ",t1_e6jpyjr,9igrmz,-6,politics,t5_2cneq,democrats,Republican,24/09/18 10:31,[],[],abandon military liokaye direct messagev politics really give shit sevice me-mailbers would maybe pay liveable wage nice facilities maybe decent healthcare etake care plenthank money around corporations none leave,-0.1997
384,1537792923,e6jmwzz,nigl_,">helps poor mother's care for their babies

This sentence translates to ""giving single mothers handouts"" for republican voters, and there's your answer why it's not happening. ",t1_e6jjyup,9igrmz,831,politics,t5_2cneq,democrats,Republican,24/09/18 8:42,[],[],help poor mother care baby sentence translate give single mother handouts republican voters answer happen,0.4215
388,1537799511,e6jt5if,PelonMusk,Is a JAG not an important function?,t1_e6js0x6,9igrmz,9,politics,t5_2cneq,democrats,Republican,24/09/18 10:31,[],[],instant messageportant fuck younction,-0.1511
391,1537806249,e6k0yms,PelonMusk,$3g/ month for like the first 6 years? Sounds like a pittance to me.,t1_e6jvhsp,9igrmz,0,politics,t5_2cneq,democrats,Republican,24/09/18 12:24,[],[],month liokaye first years significant otherunds liokaye threadance,0.6124
393,1537799272,e6jsw9k,PelonMusk,Would you rather kill their humans with our drones or our humans?,t1_e6jp2vw,9igrmz,1,politics,t5_2cneq,democrats,Republican,24/09/18 10:27,[],[],would rather okayill humans drone humans,-0.6908
394,1537793326,e6jn8uq,nigl_,"A healthy mix of cutting defense spending, raising the marginal tax rate of the last bracket and increasing corporate taxes by eliminating already existing loopholes.",t1_e6jmkzw,9igrmz,18,politics,t5_2cneq,democrats,Republican,24/09/18 8:48,[],[],healthy youtting defense spend raise marginal rate last bracknowledgeet increase corporate tax elinstant messageinating already exist looriginal posterholes,0.4019
396,1537807934,e6k2zw0,PelonMusk,"Oh so you don't pay for housing? How is living in military housing?

It's been ~15 years since I've visited some friends at Camp Pendleton while he was active and they were pretty damn broke (w- two kids). ",t1_e6k11y1,9igrmz,0,politics,t5_2cneq,democrats,Republican,24/09/18 12:52,[],[],significant house live military house years since visit significant otherme friends camerap pendleton active pretthank damn brookaye okayids,0.6619
400,1537354835,e68xved,autotldr,"This is the best tl;dr I could make, [original](https://www.axios.com/axios-surveymonkey-poll-woodward-book-nyt-oped-831a5bd8-355b-42a7-9e8b-3a52fbcf2d35.html) reduced by 65%. (I'm a bot)
*****
> A majority of Americans believe Bob Woodward&#039;s book and the anonymous NYT op-ed - both of which warned of internal resistance to President Trump - but there&#039;s no evidence that they&#039;ve changed Americans&#039; opinions of him, according to a new Axios/SurveyMonkey poll.

> Between the lines: Although 51% think the Trump administration is not competent at managing the federal government, and only 46% believe it is competent, that&#039;s actually slightly better than similar SurveyMonkey polling in October and November 2017 - when 41% said the administration said the Trump administration is competent and 57% said it&#039;s not.

> Americans&#039; views are significantly swayed by their opinions of Trump: 81% of those who already disapprove of Trump believe the reports of &quot;Significant resistance&quot; within the White House, but 73% of those who approve of him disbelieve those claims.


*****
[**Extended Summary**](http://np.reddit.com/r/autotldr/comments/9h45tq/exclusive_poll_majority_believe_woodward_book_nyt/) | [FAQ](http://np.reddit.com/r/autotldr/comments/31b9fm/faq_autotldr_bot/ ""Version 2.02, ~351133 tl;drs so far."") | [Feedback](http://np.reddit.com/message/compose?to=%23autotldr ""PM's and comments are monitored, constructive feedback is welcome."") | *Top* *keywords*: **Trump**^#1 **American**^#2 **administration**^#3 **opinions**^#4 **poll**^#5",t3_9h3vch,9h3vch,6,politics,t5_2cneq,democrats,Republican,19/09/18 7:00,[],"['r/autotldr', 'r/autotldr']",best could maokaye orinstagraminal https axios axios surveymonokayey poll woodward boookay original postered facebookcf html reduce majorithank americans believe woodward boookay anonymous original poster warn internal reddit enhancement suiteistance preddit enhancement suiteident trump evidence change americans original posterinions hinstant message accord axios surveymonokayey poll line although thinokay trump administratoristration competent manage federal governothing muchent believe competent actually slinstagramhtly better sinstant messageilar surveymonokayey poll original contenttober nove-mailber say administratoristration say trump administratoristration competent say americans view sinstagramnificantly sway original posterinions trump already disapprove trump believe report quot sinstagramnificant reddit enhancement suiteistance quot within white house approve hinstant message disbelieve clainstant message extend summary http reddit autotldr comment exclusive poll majorithank believe woodward boookay frequently ask question http reddit autotldr comment frequently ask question autotldr version significant feedbacknowledge http reddit message compose autotldr comment monitor constructive feedbacknowledge welcome toriginal poster okayeywords trump american administratoristration original posterinions poll,-0.7557
431,1536319084,e5jsigc,ns1976,The people ignored by both parties voted him in.  There is a good possibility that the â€œsilent majorityâ€ will drop a big bomb on Democrats dreams again this NOV.  ,t1_e5js1pv,9dsv73,-3,politics,t5_2cneq,democrats,Republican,07/09/18 7:18,[],[],peoriginal posterle instagramnored party vote hinstant message good possibilithank silent majorithank droriginal poster binstagram bomb de-mailoriginal contentrats dream,0.1779
432,1536327442,e5jzakh,ns1976,"People from all walks of life voted for him. The rich, the poor and people in-between.  Hillary lost because the Democratic Party assumed it had a lockdown on 3-4 states that they had ignored and took for granted.  

Sadly they(and you) donâ€™t realize a lot of those voters are still out there and supporting trump 100%.  ",t1_e5jssvi,9dsv73,0,politics,t5_2cneq,democrats,Republican,07/09/18 9:37,[],[],peoriginal posterle walokays life vote hinstant message rich poor peoriginal posterle hillary lose de-mailoriginal contentratic parthank assume loriginal contentokaydown state instagramnored toookay grant sadly realize voters stoday learnedl support trump,0.1779
456,1535984244,e5bj768,StatisticalAstronaut,"This.  Don't let the large majority of Israelis off the hook.  They have free and fair elections in Israel, they keep voting for right wing nationalism and horrid authoritarianism",t1_e5bazsf,9ck9ux,6,politics,t5_2cneq,democrats,Republican,03/09/18 10:17,[],[],large majorithank israelis hoookay free fair elections israel okayeep vote rinstagramht wing nationalism horrid authoritarianism,0.2732
457,1535983577,e5billq,StatisticalAstronaut,"[Israel has paid social media influencers](https://www.theguardian.com/media/2016/nov/06/troll-armies-social-media-trump-russian), and their tactics of spreading propaganda are exactly the same as Cambridge analytica, because [the Israelis taught Cambridge analytica all their dirty little tricks](  https://www.timesofisrael.com/trump-campaign-mined-facebook-user-data-using-israeli-intelligence-gathering/)


What you're doing right now, if you aren't a paid troll, is repeating bullshit put out by paid trolls.  


Israel has undermined 70 years of US foreign policy, making a two state solution impossible because of all their illegal settlements, fractured the Palestinians into small ghettos which they can't leave freely, have voted so only Jews have the right to self in Israel, and now have lobbied successfully to end aid to Palestinians.  


These are the actions of tyrants.  They are the actions of a people who hate the United States and all of our values, and most importantly, they are the actions of an ally who has betrayed the United States of America.   


We need to end all aid to Israel, demand every penny we ever gave them back, plus interest, and slap sanctions on them until we get it.  Anything less suits unacceptable.    
",t1_e5belty,9ck9ux,23,politics,t5_2cneq,democrats,Republican,03/09/18 10:06,[],[],israel pay significant othercial media influencers https theguardian media troll armies significant othercial media trump russian tactics spread proriginal posteraganda exactly camerabridge analytica israelis teach camerabridge analytica dirthank threadle tricokays https tinstant messageesignificant otherfisrael trump camerapainstagramn mine faceboookay user data use israeli intellinstagramence gather rinstagramht pay troll repeat bullshit pay troll israel undermine years foreinstagramn policy maokaying state significant otherlution instant messagepossible illegal settle-mailents fracture palestinians small ghetterms service leave freely vote significant jews rinstagramht self israel lobe backied successfuck yoully palestinians action thank yourants action peoriginal posterle hate unite state value instant messageportantly action ally betray unite state america need israel de-mailand every penny ever give the-mail backnowledge plus intereddit enhancement suitet slap sanction the-mail untoday learn anything less suit unacceptable,-0.8396
458,1535983895,e5bivtd,StatisticalAstronaut,"The Israelis are undermining US foreign policy and are making a 2 state solution impossible.   


They are not our ally, they are using us, and care nothing about hurting the United States in the process.   




",t1_e5bfi88,9ck9ux,12,politics,t5_2cneq,democrats,Republican,03/09/18 10:11,[],[],israelis undermine foreinstagramn policy maokaying state significant otherlution instant messagepossible ally use care nothing hurt unite state proriginal content,0.794
459,1535985095,e5bjzl1,StatisticalAstronaut,"""everyone who speaks out against Israel is anti Semitic"" a favorite among paid Israeli social media influencers.  


Let me be very very very clear here: I have no problem with any religion, other than thinking they're all a bit silly for believing in God, but it is what it is.   


My issue is with an ally who has stabbed us in the back and who are, without any doubt, right wing authoritarians and utter fucking hypocrites.  I expect more from Israel because they are supposed to be a liberal democracy and our ally.  


They most assuredly are not any of those things",t1_e5bjmf9,9ck9ux,9,politics,t5_2cneq,democrats,Republican,03/09/18 10:31,[],[],everyone speaokays israel anti se-mailitic favorite among pay israeli significant othercial media influencers clear proble-mail relinstagramion thinokaying silly believe issue ally stabe back backnowledge without doubt rinstagramht wing authoritarians utter fuck youcokaying hyporiginal contentrites expect israel suppose liberal de-mailoriginal contentracy ally assuredly things,0.5223
460,1535983698,e5biph3,StatisticalAstronaut,">Israel adopts divisive law that declares only Jews have the right of self-determination

>Although the law is largely symbolic, critics say the legislation is racist in origin and verges on apartheid.

https://www.nbcnews.com/news/world/israel-adopts-divisive-law-declares-only-jews-have-right-self-n892636


",t1_e5bh1tv,9ck9ux,13,politics,t5_2cneq,democrats,Republican,03/09/18 10:08,[],[],israel adoriginal posterts divisive declareddit enhancement suite jews rinstagramht self determination although largely symbolic critics legislation racist orinstagramin verge apartheid https nbcnews news woreal lifed israel adoriginal posterts divisive declareddit enhancement suite jews rinstagramht self,-0.6705
461,1535984036,e5bj0ca,StatisticalAstronaut,"If you think a walled off ghetto where people can't leave is acceptable, I just don't even know where to begin.  


""Never again!"" (Unless the Jews are doing it, then it's totally ok)",t1_e5bhlkv,9ck9ux,6,politics,t5_2cneq,democrats,Republican,03/09/18 10:13,[],[],thinokay wall ghetto peoriginal posterle leave acceptable even okaynow begin never unless jews totally ookay,-0.2746
462,1535986106,e5bkzbc,StatisticalAstronaut,"You can name call all you want, it doesn't make it true.   But at least you get a few extra bucks for every time you cry anti Semitism online, amirite?  


",t1_e5bk87l,9ck9ux,1,politics,t5_2cneq,democrats,Republican,03/09/18 10:48,[],[],name call want maokaye true least extra bucokays every tinstant messagee anti se-mailitism online amirite,-0.753
463,1535985454,e5bkcbn,StatisticalAstronaut,"You're right, one law doesn't mean Israel is an apartheid state. 


The UN report finding Israel is an apartheid state a different story

https://www.reuters.com/article/us-israel-palestinians-report-idUSKBN16M2IN


The 74% approval rating lets me know all I need to know about the majority of Israelis.  




",t1_e5bjaj2,9ck9ux,7,politics,t5_2cneq,democrats,Republican,03/09/18 10:37,[],[],rinstagramht mean israel apartheid state report find israel apartheid state different story https reuters article israel palestinians report idusokaybn approval rat let okaynow need okaynow majorithank israelis,0.4767
464,1535984767,e5bjoj2,StatisticalAstronaut,">People can enter and leave.


Noooope


[Gaza: The worldâ€™s largest open-air prison](https://www.nrc.no/news/2018/april/gaza-the-worlds-largest-open-air-prison/)

(From the Norwegian Refugee Council)


>Israel and Egypt just want to have some oversight of what is entering and leaving, because there have been thousands of terrorist attacks emanating from the Gaza Strip. Gaza's government (Hamas) is openly supporting of killing Israeli and Egyptian civilians, so it makes sense for Gaza's neighbors to be suspicious about arms getting into the Strip.


They are punishing the people of Gaza because of the crimes of a small group.   Children are being punished.  That's unacceptable. 


And beyond Gaza, Israelis have built settlements, which fracture the Palestinian population making a two-state solution impossible.  

https://www.newyorker.com/news/news-desk/the-map-of-israeli-settlements-that-shocked-barack-obama


They have successfully undermined 70 years of US foreign policy, without so much as a word to us about it.  For 70 years we've aided them.  For 70 years we've been their close ally, protecting them, giving them weapons, helping them in every way we could, and we're rewarded with a knife in the back and a terrible humanitarian crisis, which we'll have to fix or people will suffer and die.    




",t1_e5bj9pg,9ck9ux,6,politics,t5_2cneq,democrats,Republican,03/09/18 10:26,[],[],peoriginal posterle enter leave nooooriginal postere gaza woreal lifed largest original posteren prisignificant othern https news april gaza woreal lifeds largest original posteren prisignificant othern norwegian refuck yougee council israel egypt want significant otherme oversinstagramht enter leave thousands terrorist attacknowledges e-mailanating gaza strest peace gaza governothing muchent hask anythings original posterenly support okayilling israeli egyptian civilians significant maokayes sense gaza neinstagramhbors suspictureious arm get strest peace punish peoriginal posterle gaza crinstant message small group children punish unacceptable beyond gaza israelis build settle-mailents fracture palestinian poriginal posterulation maokaying state significant otherlution instant messagepossible https newyorokayer news news desokay israeli settle-mailents shoriginal contentokayed baracknowledge obask anything successfuck yoully undermine years foreinstagramn policy without significant much word years aid the-mail years close ally protect the-mail give the-mail weapons help the-mail every could reward okaynife backnowledge terrible humanitarian crisis peoriginal posterle suffer,-0.9831
465,1535987979,e5bmvkz,StatisticalAstronaut,"Look at you, trying to smear facts from the UN by trying to use ~~partisanship~~ anti Semitism 


What a familiar and predictable tactic.    ",t1_e5bmqxe,9ck9ux,2,politics,t5_2cneq,democrats,Republican,03/09/18 11:19,[],[],loookay try smear facts try partisanship anti se-mailitism familiar predictable tactic,-0.5859
466,1535985776,e5bkniy,StatisticalAstronaut,">Your own source says people do regularly leave and enter Gaza. 


With Israeli permission to go to other Palestinian areas.  

>Given that there is open war between Gaza and its neighbors (Israel and Egypt) it is a bit more difficult. But it happens everyday.


You can not punish women and children because of other people's actions

>But there is a very real state of war that exists. Gaza's government (Hamas) has been launching attacks on civilians.


And terrorizing Palestinians.  

>That is terrible. While it sucks that Gazan civilians have a harder time crossing into Israel or Egypt, the fault of the war is on the aggressor.

No, it doesn't  merely ""suck"" it's a crime against humanity


>The aggressor is Hamas, a terrorist organization that doesn't hide the fact that they want to kill civilians.


And yet children are punished for the actions of a terrorist organization.  

>If you support Palestinian nationalism, then fine. But realize that support for Palestinian nationalism shouldn't translate into support for extremist groups, like Hamas or Palestinian Islamic Jihad. 


Fuck, dude.   I've clearly stated I do not support Israel undermining US foreign policy over and over again.  I've never shown any support for hammas, ever.  ",t1_e5bk9dq,9ck9ux,2,politics,t5_2cneq,democrats,Republican,03/09/18 10:42,[],[],significant otherurce say peoriginal posterle regulareally leave enter gaza israeli permission palestinian areas give original posteren gaza neinstagramhbors israel egypt diffisee yoult happen everyday punish women children peoriginal posterle action real state exist gaza governothing muchent hask anythings launch attacknowledges civilians terrorize palestinians terrible sucokays gazan civilians harder tinstant messagee cross israel egypt fault aggreddit enhancement suitesignificant otherr merely sucokay crinstant messagee humanithank aggreddit enhancement suitesignificant otherr hask anythings terrorist organization hide fact want okayill civilians children punish action terrorist organization support palestinian nationalism fine realize support palestinian nationalism translate support extre-mailist group liokaye hask anythings palestinian islamic jihad fuck youcokay dude cleareally state support israel undermine foreinstagramn policy never show support hammas ever,-0.9887
467,1535991452,e5bqhct,StatisticalAstronaut,"Lol, I'll explain the tactic here:


You can't say why the UN report is wrong, so instead you use an ad hominem attack. 


Here's definition, in case you get confused -


>(of an argument or reaction) directed against a person rather than the position they are maintaining.


It is a deflection, because you can't argue the facts of the report.  It follows no logic, because you have no logic to your argument.   ",t1_e5bp9o1,9ck9ux,1,politics,t5_2cneq,democrats,Republican,03/09/18 12:17,[],[],laugh loud explain tactic report wrong significant instead homine-mail attacknowledge definition case confuck yoused argument reaction direct persignificant othern rather position maintain deflection argue facts report follow logic logic argument,-0.9014
468,1535993758,e5bsxjc,StatisticalAstronaut,"A UN concil is not a ridiculous source, you have yet to prove any bias in report itself.   


Why is the report wrong?  There must be facts and evidence support your claim that the report is bias.  Where is it?",t1_e5bsrxk,9ck9ux,1,politics,t5_2cneq,democrats,Republican,03/09/18 12:55,[],[],concil ridisee youlous significant otherurce prove bias report report wrong must facts evidence support clainstant message report bias,-0.1154
469,1535997176,e5bwlyc,StatisticalAstronaut,"No, don't Google something that's of no importance, it will not matter it's just a waste of your time and mine.  


What I want and what you can not provide us why the report is wrong.    You can't provide facts to counter the report, because the report itself is factual.  No amount of bellyaching about bias can change that fact",t1_e5bw6zv,9ck9ux,-1,politics,t5_2cneq,democrats,Republican,03/09/18 13:52,[],[],google significant othermething instant messageportance matter waste tinstant messagee mine want provide report wrong provide facts counter report report factual amount bellyache bias change fact,-0.8471
478,1535477873,e4zi8uy,StatisticalAstronaut,"I am 100% human American and I will vote for the human American Ted Cruz, because he is human, also.   ",t3_9b0uph,9b0uph,38,politics,t5_2cneq,democrats,Republican,28/08/18 13:37,[],[],human american vote human american cruz human alsignificant,0
480,1535515329,e50n0qu,StatisticalAstronaut,https://media0.giphy.com/media/dSdvPrKU0w8WGo4c9L/source.gif,t1_e50mthv,9b0uph,2,politics,t5_2cneq,democrats,Republican,29/08/18 0:02,[],[],https media giphy media dsdvprokayu significant otherurce,0
484,1519140259,dujmvqz,hwkns,"Have they outlawed the Democratic Party already? Your damned right concerned committed Democrats, the left and no doubt veteran activists from the Vietnam protest to civil rights organisers are stepping in.  Any political movement has to experience a learning curve to be effective.
",t3_7ywivo,7ywivo,2,politics,t5_2cneq,democrats,Republican,20/02/18 10:24,[],[],outlaw de-mailoriginal contentratic parthank already damn rinstagramht concern commin thread de-mailoriginal contentrats leave doubt veteran activists vietnam protest civil rinstagramhts organisers step political move-mailent experience learn yourve effective,-0.1027
491,1543131455,eaf1170,dakandy,Thanks. Woops I'll delete.,t1_eaf09wv,a06gbg,2,politics,t5_2cneq,democrats,Republican,25/11/18 2:37,[],[],thanokays wooriginal posters delete,0.4404
604,1541560574,e97cmpe,mundie33,Ha. Fat chance ,t1_e97ck45,9uvklx,-18,politics,t5_2cneq,democrats,Republican,06/11/18 22:16,[],[],chance,0.5267
605,1541560649,e97cpyv,mundie33,If sessions is out that means mueller is out. Do you understand politics?,t1_e97coxw,9uvklx,-6,politics,t5_2cneq,democrats,Republican,06/11/18 22:17,[],[],sessions mean mueller understand politics,0
606,1541560813,e97cwyu,mundie33,How? Mueller is toast ,t1_e97cvs2,9uvklx,-6,politics,t5_2cneq,democrats,Republican,06/11/18 22:20,[],[],mueller toast,0
607,1541560860,e97cyyh,mundie33,"Define what they think â€œfor causeâ€ means.

Keep playing checkers boys and see how that works for us ",t1_e97cwjm,9uvklx,-8,politics,t5_2cneq,democrats,Republican,06/11/18 22:21,[],[],define thinokay cause mean okayeep play checokayers boys worokays,0.2023
608,1541561110,e97d9p3,mundie33,Fuck no but if sessions is replaced heâ€™s gone ,t1_e97d8wl,9uvklx,3,politics,t5_2cneq,democrats,Republican,06/11/18 22:25,[],[],fuck youcokay sessions replace go,-0.431
620,1520886616,dvldkg9,autotldr,"This is the best tl;dr I could make, [original](https://www.cnn.com/2018/03/12/politics/betsy-devos-60-minutes/index.html) reduced by 78%. (I'm a bot)
*****
> &quot;60 Minutes&quot; correspondent Lesley Stahl asked DeVos if in Michigan, students who can&#039;t afford to leave public schools are thriving, as the secretary cites.

> White House officials watched the interview, along with media appearances DeVos made on Monday morning, with dismay, two sources familiar with their reaction told CNN. The White House did not respond to a request for an official comment regarding DeVos&#039; performances, and it wasn&#039;t immediately clear what President Donald Trump&#039;s reaction was.

> While DeVos maintained that addressing gun violence in schools is an urgent matter, noting that she&#039;s heading up a task force to observe what states are doing to protect students, Stahl balked, saying &quot;This sounds like talking instead of acting.""


*****
[**Extended Summary**](http://np.reddit.com/r/autotldr/comments/83y8v4/devos_struggles_to_answer_basic_questions_about/) | [FAQ](http://np.reddit.com/r/autotldr/comments/31b9fm/faq_autotldr_bot/ ""Version 2.00, ~294037 tl;drs so far."") | [Feedback](http://np.reddit.com/message/compose?to=%23autotldr ""PM's and comments are monitored, constructive feedback is welcome."") | *Top* *keywords*: **DeVos**^#1 **school**^#2 **Stahl**^#3 **students**^#4 **individual**^#5",t3_83x3ac,83x3ac,1,politics,t5_2cneq,democrats,Republican,12/03/18 16:30,[],"['r/autotldr', 'r/autotldr']",best could maokaye orinstagraminal https politics betsy devolutions minutes index html reduce quot minutes quot correddit enhancement suitepondent lesley stahl asokayed devolutions michinstagraman students afford leave public school thrive secrestimated time arrivalry cite white house officials whatched interview along media appearances devolutions make monday morning dismay significant otherurces familiar reaction tell white house reddit enhancement suitepond request official comment regard devolutions performances instant messagemediately clear preddit enhancement suiteident donald trump reaction devolutions maintain addreddit enhancement suit violence school urgent matter note head tasokay force observe state protect students stahl balokayed say quot significant otherunds liokaye talokaying instead act extend summary http reddit autotldr comment devolutions struggle answer basic question frequently ask question http reddit autotldr comment frequently ask question autotldr version significant feedbacknowledge http reddit message compose autotldr comment monitor constructive feedbacknowledge welcome toriginal poster okayeywords devolutions school stahl students individual,0.5106
634,1543181497,eagmc6f,dr_pepper_35,Power without people to abuse with it is pointless.,t1_eaglyh4,a0cb0f,3,politics,t5_2cneq,democrats,Republican,25/11/18 16:31,[],[],power without peoriginal posterle abuse pointless,0.5216
679,1532995303,e3ble2a,autotldr,"This is the best tl;dr I could make, [original](https://thinkprogress.org/schiff-swalwell-subpoena-translator-trump-putin-gop-blocks-d51f63551031/amp/) reduced by 80%. (I'm a bot)
*****
> Schiff and Swalwell&#039;s effort comes as Trump - whose campaign is currently under active criminal investigation for colluding with Putin during the 2016 presidential campaign - is being extremely evasive about what he and the Russian strongman actually discussed during their meeting.

> While Trump remains evasive, Putin told Russian lawmakers that the meeting resulted in &quot;Useful agreements.""

> While it&#039;s unclear what Trump and Putin discussed during their secret meeting, it&#039;s worth remembering that within 24 hours of the two leaders&#039; first private meeting during the G20 summit in July 2017, Trump dictated a misleading statement for Donald Trump Jr. that claimed &quot;a program about the adoption of Russian children&quot; was the reason top Trump campaign officials met with a Russian agent in Trump Tower during the campaign.


*****
[**Extended Summary**](http://np.reddit.com/r/autotldr/comments/939gpq/republicans_block_effort_to_subpoena_only_us/) | [FAQ](http://np.reddit.com/r/autotldr/comments/31b9fm/faq_autotldr_bot/ ""Version 2.02, ~339589 tl;drs so far."") | [Feedback](http://np.reddit.com/message/compose?to=%23autotldr ""PM's and comments are monitored, constructive feedback is welcome."") | *Top* *keywords*: **Trump**^#1 **Russian**^#2 **Putin**^#3 **during**^#4 **meeting**^#5",t3_9394g7,9394g7,9,politics,t5_2cneq,democrats,Republican,30/07/18 20:01,[],"['r/autotldr', 'r/autotldr']",best could maokaye orinstagraminal https thinokayprogreddit enhancement suit schiff swalwell subpoena translator trump putin goriginal poster bloriginal contentokays reduce schiff swalwell effort come trump whose camerapainstagramn yourrently active crinstant messageinal investinstagramation collude putin preddit enhancement suiteidential camerapainstagramn extre-mailely eversive russian strongman actually dissee youssed meet trump re-mailains eversive putin tell russian lawmaokayers meet reddit enhancement suiteulted quot usefuck youl agree-mailents unclear trump putin dissee youssed secret meet worth re-maile-mailbering within hours leaders first private meet summit july trump dictate mislead state-mailent donald trump clainstant message quot program adoriginal postertion russian children quot reasignificant othern toriginal poster trump camerapainstagramn officials russian agent trump tower camerapainstagramn extend summary http reddit autotldr comment republicans bloriginal contentokay effort subpoena frequently ask question http reddit autotldr comment frequently ask question autotldr version significant feedbacknowledge http reddit message compose autotldr comment monitor constructive feedbacknowledge welcome toriginal poster okayeywords trump russian putin meet,0.25