author,cluster,comment_group,link,actual,assuming 0 = democrats,assuming 0 = Republican
#NAME?,0,democrats,https://www.reddit.com/u/--shaunoftheliving,democrats,democats,Republican
-bluewave-,1,democrats,https://www.reddit.com/u/-bluewave-,democrats,Republican,democats
-dank-matter-,1,democrats,https://www.reddit.com/u/-dank-matter-,democrats,Republican,democats
1994spaceodyssey,1,Republican,https://www.reddit.com/u/1994spaceodyssey,Republican,Republican,democats
1gramweed2gramskief,1,Republican,https://www.reddit.com/u/1gramweed2gramskief,,,
1stuno,1,democrats,https://www.reddit.com/u/1stuno,,,
2018Blunami,1,democrats,https://www.reddit.com/u/2018Blunami,,,
3Suze,1,democrats,https://www.reddit.com/u/3Suze,,,
3xTheSchwarm,1,democrats,https://www.reddit.com/u/3xTheSchwarm,,,
49orth,1,democrats,https://www.reddit.com/u/49orth,,,
4now5now6now,1,Republican,https://www.reddit.com/u/4now5now6now,,,
5th_Law_of_Robotics,1,Republican,https://www.reddit.com/u/5th_Law_of_Robotics,,,
90Carat,1,democrats,https://www.reddit.com/u/90Carat,,,
ABooney134,1,Republican,https://www.reddit.com/u/ABooney134,,,
ABraveLittle_Toaster,1,Republican,https://www.reddit.com/u/ABraveLittle_Toaster,,,
AJGrayTay,1,democrats,https://www.reddit.com/u/AJGrayTay,,,
AM_Kylearan,1,Republican,https://www.reddit.com/u/AM_Kylearan,,,
A_Hendo,1,democrats,https://www.reddit.com/u/A_Hendo,,,
Abrushing,1,democrats,https://www.reddit.com/u/Abrushing,,,
ActuallyYeah,1,democrats,https://www.reddit.com/u/ActuallyYeah,,,
AdamsDJ,1,Republican,https://www.reddit.com/u/AdamsDJ,,,
AdequateOne,1,democrats,https://www.reddit.com/u/AdequateOne,,,
Admixtus_Stultus,1,Republican,https://www.reddit.com/u/Admixtus_Stultus,,,
Aedeus,1,democrats,https://www.reddit.com/u/Aedeus,,,
AgentReynardMuldrake,0,democrats,https://www.reddit.com/u/AgentReynardMuldrake,,,
Ahab1851,1,democrats,https://www.reddit.com/u/Ahab1851,,,
Alex15can,0,Republican,https://www.reddit.com/u/Alex15can,,,
AlexGos,1,democrats,https://www.reddit.com/u/AlexGos,,,
AlexKingstonsGigolo,1,democrats,https://www.reddit.com/u/AlexKingstonsGigolo,,,
AllByMyZelph,0,democrats,https://www.reddit.com/u/AllByMyZelph,,,
AngelaMotorman,1,democrats,https://www.reddit.com/u/AngelaMotorman,,,
AnimusONLINE,1,democrats,https://www.reddit.com/u/AnimusONLINE,,,
Anthonym82,1,democrats,https://www.reddit.com/u/Anthonym82,,,
Antiquus,1,democrats,https://www.reddit.com/u/Antiquus,,,
Apersonofinterest666,1,Republican,https://www.reddit.com/u/Apersonofinterest666,,,
Arahad2,1,democrats,https://www.reddit.com/u/Arahad2,,,
Archangel1313,1,democrats,https://www.reddit.com/u/Archangel1313,,,
Archer-Saurus,1,Republican,https://www.reddit.com/u/Archer-Saurus,,,
Arimer,0,democrats,https://www.reddit.com/u/Arimer,,,
ArlidansSon,1,democrats,https://www.reddit.com/u/ArlidansSon,,,
ArmaniDiamonds,1,democrats,https://www.reddit.com/u/ArmaniDiamonds,,,
Armenoid,1,democrats,https://www.reddit.com/u/Armenoid,,,
AsianSensation1087,1,democrats,https://www.reddit.com/u/AsianSensation1087,,,
Asstastic_31,1,Republican,https://www.reddit.com/u/Asstastic_31,,,
AuburnJunky,1,democrats,https://www.reddit.com/u/AuburnJunky,,,
Autodidact2,1,democrats,https://www.reddit.com/u/Autodidact2,,,
Auxilae,1,Republican,https://www.reddit.com/u/Auxilae,,,
Azalith,1,democrats,https://www.reddit.com/u/Azalith,,,
B1llyII,0,Republican,https://www.reddit.com/u/B1llyII,,,
BAMvsGAME,1,democrats,https://www.reddit.com/u/BAMvsGAME,,,
BD1304,0,Republican,https://www.reddit.com/u/BD1304,,,
BERNthisMuthaDown,1,democrats,https://www.reddit.com/u/BERNthisMuthaDown,,,
Basalit-an,0,democrats,https://www.reddit.com/u/Basalit-an,,,
BatTechCrazy,1,Republican,https://www.reddit.com/u/BatTechCrazy,,,
Bay1Bri,1,democrats,https://www.reddit.com/u/Bay1Bri,,,
BbCortazan,1,Republican,https://www.reddit.com/u/BbCortazan,,,
Bejeweled_Bird,1,Republican,https://www.reddit.com/u/Bejeweled_Bird,,,
BelleAriel,1,democrats,https://www.reddit.com/u/BelleAriel,,,
Belostoma,1,democrats,https://www.reddit.com/u/Belostoma,,,
Bemuzed,1,democrats,https://www.reddit.com/u/Bemuzed,,,
Bicit,1,democrats,https://www.reddit.com/u/Bicit,,,
Bifrons,1,democrats,https://www.reddit.com/u/Bifrons,,,
BigCballer,1,democrats,https://www.reddit.com/u/BigCballer,,,
Bigleonard,1,democrats,https://www.reddit.com/u/Bigleonard,,,
BlankVerse,1,democrats,https://www.reddit.com/u/BlankVerse,,,
Blocked_ID,1,democrats,https://www.reddit.com/u/Blocked_ID,,,
BobSmash,0,Republican,https://www.reddit.com/u/BobSmash,,,
Boomslangalang,1,democrats,https://www.reddit.com/u/Boomslangalang,,,
Bored_In_Co_12,1,Republican,https://www.reddit.com/u/Bored_In_Co_12,,,
BossRedRanger,1,democrats,https://www.reddit.com/u/BossRedRanger,,,
BrightonGoose,0,democrats,https://www.reddit.com/u/BrightonGoose,,,
Brynmaer,1,democrats,https://www.reddit.com/u/Brynmaer,,,
Brysynner,1,democrats,https://www.reddit.com/u/Brysynner,,,
BugzOnMyNugz,0,Republican,https://www.reddit.com/u/BugzOnMyNugz,,,
CadaverAbuse,0,Republican,https://www.reddit.com/u/CadaverAbuse,,,
Call_Me_Clark,1,democrats,https://www.reddit.com/u/Call_Me_Clark,,,
CanderousBossk,1,democrats,https://www.reddit.com/u/CanderousBossk,,,
CapnCooke,0,Republican,https://www.reddit.com/u/CapnCooke,,,
CarbonLifeForm69,1,democrats,https://www.reddit.com/u/CarbonLifeForm69,,,
Casual_Badass,1,democrats,https://www.reddit.com/u/Casual_Badass,,,
Catalonia1936,1,Republican,https://www.reddit.com/u/Catalonia1936,,,
Catsnamedwaffles,0,democrats,https://www.reddit.com/u/Catsnamedwaffles,,,
Cavie_lemon,1,democrats,https://www.reddit.com/u/Cavie_lemon,,,
CephiedSue,1,democrats,https://www.reddit.com/u/CephiedSue,,,
ChangingFiveHundred,1,democrats,https://www.reddit.com/u/ChangingFiveHundred,,,
ChannelSERFER,1,Republican,https://www.reddit.com/u/ChannelSERFER,,,
CharlieBitMyDick,1,democrats,https://www.reddit.com/u/CharlieBitMyDick,,,
CheetoVonTweeto,1,Republican,https://www.reddit.com/u/CheetoVonTweeto,,,
Cherokeejon,1,democrats,https://www.reddit.com/u/Cherokeejon,,,
Chickachic-aaaaahhh,1,Republican,https://www.reddit.com/u/Chickachic-aaaaahhh,,,
ChipAyten,1,democrats,https://www.reddit.com/u/ChipAyten,,,
ChuanFaFist,1,Republican,https://www.reddit.com/u/ChuanFaFist,,,
CisternaChyli,1,democrats,https://www.reddit.com/u/CisternaChyli,,,
Cj_paul,0,democrats,https://www.reddit.com/u/Cj_paul,,,
Claque-2,1,democrats,https://www.reddit.com/u/Claque-2,,,
Clownshow21,1,Republican,https://www.reddit.com/u/Clownshow21,,,
CommonMisspellingBot,0,Republican,https://www.reddit.com/u/CommonMisspellingBot,,,
CompleteLackOfHustle,0,democrats,https://www.reddit.com/u/CompleteLackOfHustle,,,
ComradeHimmler,1,Republican,https://www.reddit.com/u/ComradeHimmler,,,
Conservativeone,1,Republican,https://www.reddit.com/u/Conservativeone,,,
Copper_The_Hound,1,Republican,https://www.reddit.com/u/Copper_The_Hound,,,
CoreyVidal,0,Republican,https://www.reddit.com/u/CoreyVidal,,,
Corrovox,0,Republican,https://www.reddit.com/u/Corrovox,,,
Couldawg,1,Republican,https://www.reddit.com/u/Couldawg,,,
Count-Basie,0,democrats,https://www.reddit.com/u/Count-Basie,,,
CplKickAss,0,democrats,https://www.reddit.com/u/CplKickAss,,,
Crease53,0,democrats,https://www.reddit.com/u/Crease53,,,
CreativeGPX,1,Republican,https://www.reddit.com/u/CreativeGPX,,,
Crotean,1,democrats,https://www.reddit.com/u/Crotean,,,
CuriousMind33,1,Republican,https://www.reddit.com/u/CuriousMind33,,,
CustersLastDance,1,Republican,https://www.reddit.com/u/CustersLastDance,,,
Cyeric85,1,democrats,https://www.reddit.com/u/Cyeric85,,,
DDayHarry,1,Republican,https://www.reddit.com/u/DDayHarry,,,
DEYoungRepublicans,1,Republican,https://www.reddit.com/u/DEYoungRepublicans,,,
DUIguy87,1,Republican,https://www.reddit.com/u/DUIguy87,,,
Daft-Pretty-boys,1,Republican,https://www.reddit.com/u/Daft-Pretty-boys,,,
DaisyKitty,1,democrats,https://www.reddit.com/u/DaisyKitty,,,
Dan4t,1,Republican,https://www.reddit.com/u/Dan4t,,,
DargeBaVarder,0,democrats,https://www.reddit.com/u/DargeBaVarder,,,
DaringSteel,0,democrats,https://www.reddit.com/u/DaringSteel,,,
DarkandStormy614,1,democrats,https://www.reddit.com/u/DarkandStormy614,,,
Darkbyte,1,democrats,https://www.reddit.com/u/Darkbyte,,,
Darth_Boot,1,Republican,https://www.reddit.com/u/Darth_Boot,,,
Darth_Parth,0,Republican,https://www.reddit.com/u/Darth_Parth,,,
DavidFuckingLee,0,democrats,https://www.reddit.com/u/DavidFuckingLee,,,
Deadeye1122,1,Republican,https://www.reddit.com/u/Deadeye1122,,,
Deep_Banana,0,Republican,https://www.reddit.com/u/Deep_Banana,,,
Deluxe78,1,Republican,https://www.reddit.com/u/Deluxe78,,,
Demonseedii,0,Republican,https://www.reddit.com/u/Demonseedii,,,
Deserter15,1,Republican,https://www.reddit.com/u/Deserter15,,,
Diegobyte,0,democrats,https://www.reddit.com/u/Diegobyte,,,
Dillionmesh,1,Republican,https://www.reddit.com/u/Dillionmesh,,,
Dirk_Dirkler,0,Republican,https://www.reddit.com/u/Dirk_Dirkler,,,
DirtyDonaldDigsIn,1,democrats,https://www.reddit.com/u/DirtyDonaldDigsIn,,,
DisNameTho,1,Republican,https://www.reddit.com/u/DisNameTho,,,
Dodge-em,1,democrats,https://www.reddit.com/u/Dodge-em,,,
DoesntMatterHaveCup,1,Republican,https://www.reddit.com/u/DoesntMatterHaveCup,,,
Dogdays991,1,Republican,https://www.reddit.com/u/Dogdays991,,,
DonnieS1,1,Republican,https://www.reddit.com/u/DonnieS1,,,
DrNoPants,1,democrats,https://www.reddit.com/u/DrNoPants,,,
Druidshift,1,democrats,https://www.reddit.com/u/Druidshift,,,
DuckOnAMopedII,1,democrats,https://www.reddit.com/u/DuckOnAMopedII,,,
DumpOldRant,1,democrats,https://www.reddit.com/u/DumpOldRant,,,
DustinBones13,1,democrats,https://www.reddit.com/u/DustinBones13,,,
Dustin_Bromain,1,democrats,https://www.reddit.com/u/Dustin_Bromain,,,
EARink0,1,democrats,https://www.reddit.com/u/EARink0,,,
EDI-Thor,1,Republican,https://www.reddit.com/u/EDI-Thor,,,
Earthling1980,0,democrats,https://www.reddit.com/u/Earthling1980,,,
ElectronicGate,0,Republican,https://www.reddit.com/u/ElectronicGate,,,
Elfzwolf179,0,democrats,https://www.reddit.com/u/Elfzwolf179,,,
Emily_Postal,1,democrats,https://www.reddit.com/u/Emily_Postal,,,
Emrico1,1,democrats,https://www.reddit.com/u/Emrico1,,,
Ep1cFac3pa1m,1,democrats,https://www.reddit.com/u/Ep1cFac3pa1m,,,
ExpectedErrorCode,1,democrats,https://www.reddit.com/u/ExpectedErrorCode,,,
EzBonds,0,Republican,https://www.reddit.com/u/EzBonds,,,
FallenAerials,1,democrats,https://www.reddit.com/u/FallenAerials,,,
Fellow-dat-guy,1,Republican,https://www.reddit.com/u/Fellow-dat-guy,,,
Fergylax,0,democrats,https://www.reddit.com/u/Fergylax,,,
Feurbach_sock,1,Republican,https://www.reddit.com/u/Feurbach_sock,,,
FidelDangelow,1,democrats,https://www.reddit.com/u/FidelDangelow,,,
Fiery1Phoenix,1,democrats,https://www.reddit.com/u/Fiery1Phoenix,,,
Fire2box,1,democrats,https://www.reddit.com/u/Fire2box,,,
FisterMySister,1,Republican,https://www.reddit.com/u/FisterMySister,,,
Flaccid_Leper,1,democrats,https://www.reddit.com/u/Flaccid_Leper,,,
Fr33zy_B3ast,1,democrats,https://www.reddit.com/u/Fr33zy_B3ast,,,
Frankfusion,0,Republican,https://www.reddit.com/u/Frankfusion,,,
FrankieGH,0,democrats,https://www.reddit.com/u/FrankieGH,,,
FunkyTown313,1,democrats,https://www.reddit.com/u/FunkyTown313,,,
GKrollin,1,Republican,https://www.reddit.com/u/GKrollin,,,
GTREast,1,democrats,https://www.reddit.com/u/GTREast,,,
Gay-_-Jesus,1,democrats,https://www.reddit.com/u/Gay-_-Jesus,,,
GenXStonerDad,1,democrats,https://www.reddit.com/u/GenXStonerDad,,,
GeorgeCostanzaTBone,0,democrats,https://www.reddit.com/u/GeorgeCostanzaTBone,,,
Ghdust2,0,democrats,https://www.reddit.com/u/Ghdust2,,,
GiantBooTQT,1,democrats,https://www.reddit.com/u/GiantBooTQT,,,
GlobeTrott3r,1,democrats,https://www.reddit.com/u/GlobeTrott3r,,,
Gnome_Sane,1,Republican,https://www.reddit.com/u/Gnome_Sane,,,
GodYeti,0,Republican,https://www.reddit.com/u/GodYeti,,,
Goofalo,1,democrats,https://www.reddit.com/u/Goofalo,,,
GrandmaGuts,0,Republican,https://www.reddit.com/u/GrandmaGuts,,,
GrifterDingo,1,Republican,https://www.reddit.com/u/GrifterDingo,,,
GroceryRobot,0,Republican,https://www.reddit.com/u/GroceryRobot,,,
GroriousNipponSteer,1,democrats,https://www.reddit.com/u/GroriousNipponSteer,,,
GrouchyMcGrouch,0,democrats,https://www.reddit.com/u/GrouchyMcGrouch,,,
Gsteel11,1,democrats,https://www.reddit.com/u/Gsteel11,,,
GustavTheConqueror,1,Republican,https://www.reddit.com/u/GustavTheConqueror,,,
H-E-L-L-M-O,0,democrats,https://www.reddit.com/u/H-E-L-L-M-O,,,
HallowedAntiquity,1,Republican,https://www.reddit.com/u/HallowedAntiquity,,,
HamsterSandwich,1,democrats,https://www.reddit.com/u/HamsterSandwich,,,
HappyGoLuckyDolphin,1,Republican,https://www.reddit.com/u/HappyGoLuckyDolphin,,,
HarpoMarks,1,democrats,https://www.reddit.com/u/HarpoMarks,,,
Hawkeye720,1,democrats,https://www.reddit.com/u/Hawkeye720,,,
HawlSera,1,democrats,https://www.reddit.com/u/HawlSera,,,
HiGloss,1,Republican,https://www.reddit.com/u/HiGloss,,,
HillbillyPartySloth,1,democrats,https://www.reddit.com/u/HillbillyPartySloth,,,
Holski7,0,democrats,https://www.reddit.com/u/Holski7,,,
Hookahwave,1,democrats,https://www.reddit.com/u/Hookahwave,,,
Hopsingthecook,1,Republican,https://www.reddit.com/u/Hopsingthecook,,,
Hotal,1,Republican,https://www.reddit.com/u/Hotal,,,
Hyrax09,1,Republican,https://www.reddit.com/u/Hyrax09,,,
IAmRoot,1,democrats,https://www.reddit.com/u/IAmRoot,,,
ILikeBigButtss,1,democrats,https://www.reddit.com/u/ILikeBigButtss,,,
ILikeSchecters,1,democrats,https://www.reddit.com/u/ILikeSchecters,,,
I_Eat_Your_Pets,0,Republican,https://www.reddit.com/u/I_Eat_Your_Pets,,,
IkorisSilindrell,1,Republican,https://www.reddit.com/u/IkorisSilindrell,,,
ImLu,0,Republican,https://www.reddit.com/u/ImLu,,,
Imadeadpeople,0,Republican,https://www.reddit.com/u/Imadeadpeople,,,
IncognitoIsBetter,1,Republican,https://www.reddit.com/u/IncognitoIsBetter,,,
Ins_Weltall,0,Republican,https://www.reddit.com/u/Ins_Weltall,,,
InterfaceMonkey,1,Republican,https://www.reddit.com/u/InterfaceMonkey,,,
ItsThatPoliticsGuy,1,Republican,https://www.reddit.com/u/ItsThatPoliticsGuy,,,
JAGgerxx,1,Republican,https://www.reddit.com/u/JAGgerxx,,,
J_Schermie,1,democrats,https://www.reddit.com/u/J_Schermie,,,
JablesRadio,1,Republican,https://www.reddit.com/u/JablesRadio,,,
Jagrmystr,1,democrats,https://www.reddit.com/u/Jagrmystr,,,
JakOswald,1,democrats,https://www.reddit.com/u/JakOswald,,,
James_Solomon,1,democrats,https://www.reddit.com/u/James_Solomon,,,
Jasonberg,1,Republican,https://www.reddit.com/u/Jasonberg,,,
JayWaWa,1,democrats,https://www.reddit.com/u/JayWaWa,,,
JediMasterSamson,0,democrats,https://www.reddit.com/u/JediMasterSamson,,,
Jemiller,1,democrats,https://www.reddit.com/u/Jemiller,,,
JimTokle,1,democrats,https://www.reddit.com/u/JimTokle,,,
JohnnyMnemo,1,Republican,https://www.reddit.com/u/JohnnyMnemo,,,
JollyGreenJesus,1,Republican,https://www.reddit.com/u/JollyGreenJesus,,,
JonWood007,1,democrats,https://www.reddit.com/u/JonWood007,,,
Jose_xixpac,0,democrats,https://www.reddit.com/u/Jose_xixpac,,,
JurijFedorov,1,Republican,https://www.reddit.com/u/JurijFedorov,,,
Just_A_Pterodactyl,1,democrats,https://www.reddit.com/u/Just_A_Pterodactyl,,,
KellyJoyCuntBunny,1,democrats,https://www.reddit.com/u/KellyJoyCuntBunny,,,
KenEatsBarbie,1,democrats,https://www.reddit.com/u/KenEatsBarbie,,,
Kenitzka,1,Republican,https://www.reddit.com/u/Kenitzka,,,
Kenmoreland,1,democrats,https://www.reddit.com/u/Kenmoreland,,,
Kersplit,1,democrats,https://www.reddit.com/u/Kersplit,,,
KevnBacn,1,Republican,https://www.reddit.com/u/KevnBacn,,,
KingDorkFTC,0,Republican,https://www.reddit.com/u/KingDorkFTC,,,
KingTy_423,1,democrats,https://www.reddit.com/u/KingTy_423,,,
Klaus_RSA,1,Republican,https://www.reddit.com/u/Klaus_RSA,,,
Km2930,1,Republican,https://www.reddit.com/u/Km2930,,,
KubrickIsMyCopilot,1,democrats,https://www.reddit.com/u/KubrickIsMyCopilot,,,
LaBandaRoja,1,democrats,https://www.reddit.com/u/LaBandaRoja,,,
Lachance,0,Republican,https://www.reddit.com/u/Lachance,,,
Ladyofthehighcourt,0,democrats,https://www.reddit.com/u/Ladyofthehighcourt,,,
Lahrboy,0,democrats,https://www.reddit.com/u/Lahrboy,,,
LastMuel,1,Republican,https://www.reddit.com/u/LastMuel,,,
LebirtandJuztiz,1,democrats,https://www.reddit.com/u/LebirtandJuztiz,,,
Leftbehindnlovingit,1,democrats,https://www.reddit.com/u/Leftbehindnlovingit,,,
LegendaryGoji,1,democrats,https://www.reddit.com/u/LegendaryGoji,,,
LeoSaysNO,0,democrats,https://www.reddit.com/u/LeoSaysNO,,,
LessWorseMoreBad,1,Republican,https://www.reddit.com/u/LessWorseMoreBad,,,
LiberalArtsAndCrafts,1,democrats,https://www.reddit.com/u/LiberalArtsAndCrafts,,,
Liberty_Chip_Cookies,1,democrats,https://www.reddit.com/u/Liberty_Chip_Cookies,,,
LilianPumpernickel,1,democrats,https://www.reddit.com/u/LilianPumpernickel,,,
LinusWiger,1,democrats,https://www.reddit.com/u/LinusWiger,,,
LiquidSnape,1,democrats,https://www.reddit.com/u/LiquidSnape,,,
Logical_Libertariani,1,Republican,https://www.reddit.com/u/Logical_Libertariani,,,
Longbow589,0,democrats,https://www.reddit.com/u/Longbow589,,,
LookAdam,0,Republican,https://www.reddit.com/u/LookAdam,,,
LosPepesContra,1,Republican,https://www.reddit.com/u/LosPepesContra,,,
LuckyWolf777,1,Republican,https://www.reddit.com/u/LuckyWolf777,,,
Lugalzagesi712,0,democrats,https://www.reddit.com/u/Lugalzagesi712,,,
LukariBRo,1,democrats,https://www.reddit.com/u/LukariBRo,,,
Lulan1226,1,democrats,https://www.reddit.com/u/Lulan1226,,,
MR_TELEVOID,1,democrats,https://www.reddit.com/u/MR_TELEVOID,,,
ManH0leInspector,1,Republican,https://www.reddit.com/u/ManH0leInspector,,,
ManchiBoy,1,democrats,https://www.reddit.com/u/ManchiBoy,,,
MaresEatOatsAndDoes,1,democrats,https://www.reddit.com/u/MaresEatOatsAndDoes,,,
MaritimeOliver,0,Republican,https://www.reddit.com/u/MaritimeOliver,,,
MassiveFajiit,1,democrats,https://www.reddit.com/u/MassiveFajiit,,,
MaximumEffort433,1,democrats,https://www.reddit.com/u/MaximumEffort433,,,
Meowmixez98,1,Republican,https://www.reddit.com/u/Meowmixez98,,,
MesaBoogeyMan,1,Republican,https://www.reddit.com/u/MesaBoogeyMan,,,
MiG_Pilot_87,1,Republican,https://www.reddit.com/u/MiG_Pilot_87,,,
Michae1,1,Republican,https://www.reddit.com/u/Michae1,,,
MichiganMafia,0,democrats,https://www.reddit.com/u/MichiganMafia,,,
MikeyPh,1,Republican,https://www.reddit.com/u/MikeyPh,,,
Milkslinger,1,democrats,https://www.reddit.com/u/Milkslinger,,,
Millwalky,1,democrats,https://www.reddit.com/u/Millwalky,,,
Monteg9226,1,Republican,https://www.reddit.com/u/Monteg9226,,,
Montzterrr,1,democrats,https://www.reddit.com/u/Montzterrr,,,
Moxman73,1,democrats,https://www.reddit.com/u/Moxman73,,,
Muh_freedoms,0,democrats,https://www.reddit.com/u/Muh_freedoms,,,
Murderers_Row_Boat,1,democrats,https://www.reddit.com/u/Murderers_Row_Boat,,,
MutoidDad,0,democrats,https://www.reddit.com/u/MutoidDad,,,
Mx-yz-pt-lk,1,democrats,https://www.reddit.com/u/Mx-yz-pt-lk,,,
MyNotTrollAccount,1,democrats,https://www.reddit.com/u/MyNotTrollAccount,,,
Myrdoc,1,Republican,https://www.reddit.com/u/Myrdoc,,,
NSojac,1,Republican,https://www.reddit.com/u/NSojac,,,
NachoMommies,0,democrats,https://www.reddit.com/u/NachoMommies,,,
NachoUnisom,1,democrats,https://www.reddit.com/u/NachoUnisom,,,
Nancydrewfan,1,Republican,https://www.reddit.com/u/Nancydrewfan,,,
Nanteen666,0,Republican,https://www.reddit.com/u/Nanteen666,,,
NatWilo,1,democrats,https://www.reddit.com/u/NatWilo,,,
NeibuhrsWarning,1,democrats,https://www.reddit.com/u/NeibuhrsWarning,,,
Nerakus,1,Republican,https://www.reddit.com/u/Nerakus,,,
Nerobus,1,democrats,https://www.reddit.com/u/Nerobus,,,
NewYorkJewbag,1,democrats,https://www.reddit.com/u/NewYorkJewbag,,,
NightmansSexyHands,1,Republican,https://www.reddit.com/u/NightmansSexyHands,,,
Ninjamin_King,1,Republican,https://www.reddit.com/u/Ninjamin_King,,,
Noah__Webster,1,Republican,https://www.reddit.com/u/Noah__Webster,,,
Nocturne7280,1,democrats,https://www.reddit.com/u/Nocturne7280,,,
NomadFH,1,democrats,https://www.reddit.com/u/NomadFH,,,
Not_John_Barron,0,democrats,https://www.reddit.com/u/Not_John_Barron,,,
OH870,1,Republican,https://www.reddit.com/u/OH870,,,
Ofbearsandmen,1,democrats,https://www.reddit.com/u/Ofbearsandmen,,,
OkToBeTakei,1,democrats,https://www.reddit.com/u/OkToBeTakei,,,
Omahunek,1,Republican,https://www.reddit.com/u/Omahunek,,,
OmarIsaiahBetts,1,democrats,https://www.reddit.com/u/OmarIsaiahBetts,,,
OniiChanStopNotThere,0,Republican,https://www.reddit.com/u/OniiChanStopNotThere,,,
Onlymgtow88,0,Republican,https://www.reddit.com/u/Onlymgtow88,,,
Opcn,1,democrats,https://www.reddit.com/u/Opcn,,,
Orbtecc,1,Republican,https://www.reddit.com/u/Orbtecc,,,
OriginalName317,1,democrats,https://www.reddit.com/u/OriginalName317,,,
OverlordLork,1,democrats,https://www.reddit.com/u/OverlordLork,,,
PM_ME_WEIRD_SMILES,1,democrats,https://www.reddit.com/u/PM_ME_WEIRD_SMILES,,,
PM_ME_YOUR_BAN_NAME,1,democrats,https://www.reddit.com/u/PM_ME_YOUR_BAN_NAME,,,
Pal_Smurch,1,democrats,https://www.reddit.com/u/Pal_Smurch,,,
PapaGeorgio23,1,Republican,https://www.reddit.com/u/PapaGeorgio23,,,
Patches1313,1,Republican,https://www.reddit.com/u/Patches1313,,,
PattyKane16,0,democrats,https://www.reddit.com/u/PattyKane16,,,
Peacelovefleshbones,0,democrats,https://www.reddit.com/u/Peacelovefleshbones,,,
PelonMusk,1,Republican,https://www.reddit.com/u/PelonMusk,,,
PeptoBismark,1,democrats,https://www.reddit.com/u/PeptoBismark,,,
Perspective2018,1,democrats,https://www.reddit.com/u/Perspective2018,,,
Phlypp,1,democrats,https://www.reddit.com/u/Phlypp,,,
Pokeymonkey,1,democrats,https://www.reddit.com/u/Pokeymonkey,,,
PrancingPeach,0,Republican,https://www.reddit.com/u/PrancingPeach,,,
PraxisLD,1,democrats,https://www.reddit.com/u/PraxisLD,,,
Prince_P,0,Republican,https://www.reddit.com/u/Prince_P,,,
Pudgyhipster,1,democrats,https://www.reddit.com/u/Pudgyhipster,,,
Punchee,1,democrats,https://www.reddit.com/u/Punchee,,,
PuzzleheadedTest,0,democrats,https://www.reddit.com/u/PuzzleheadedTest,,,
Pylons,1,democrats,https://www.reddit.com/u/Pylons,,,
QuantumSwag_,1,Republican,https://www.reddit.com/u/QuantumSwag_,,,
Quazimodal,1,Republican,https://www.reddit.com/u/Quazimodal,,,
Quietus42,1,democrats,https://www.reddit.com/u/Quietus42,,,
Racheakt,1,Republican,https://www.reddit.com/u/Racheakt,,,
RadioMelon,1,democrats,https://www.reddit.com/u/RadioMelon,,,
Rahbek23,1,democrats,https://www.reddit.com/u/Rahbek23,,,
Rakajj,1,democrats,https://www.reddit.com/u/Rakajj,,,
Raspberries-Are-Evil,1,democrats,https://www.reddit.com/u/Raspberries-Are-Evil,,,
Rathier,1,Republican,https://www.reddit.com/u/Rathier,,,
RecallRethuglicans,1,democrats,https://www.reddit.com/u/RecallRethuglicans,,,
Redditduck1,1,democrats,https://www.reddit.com/u/Redditduck1,,,
RedditfalconFan822,0,democrats,https://www.reddit.com/u/RedditfalconFan822,,,
Redditscuseu,1,democrats,https://www.reddit.com/u/Redditscuseu,,,
ReginaldJohnston,1,democrats,https://www.reddit.com/u/ReginaldJohnston,,,
RemindMeBot,1,Republican,https://www.reddit.com/u/RemindMeBot,,,
RemyBucksington,0,Republican,https://www.reddit.com/u/RemyBucksington,,,
Rhawk187,1,Republican,https://www.reddit.com/u/Rhawk187,,,
Rhymeswithfreak,1,Republican,https://www.reddit.com/u/Rhymeswithfreak,,,
RicknMorty93,1,democrats,https://www.reddit.com/u/RicknMorty93,,,
RicoMexico88,0,democrats,https://www.reddit.com/u/RicoMexico88,,,
RinneIsGod,1,democrats,https://www.reddit.com/u/RinneIsGod,,,
Ritz527,1,democrats,https://www.reddit.com/u/Ritz527,,,
Roarks_Inferno,1,democrats,https://www.reddit.com/u/Roarks_Inferno,,,
RobotFighter,0,democrats,https://www.reddit.com/u/RobotFighter,,,
Roolerk,1,democrats,https://www.reddit.com/u/Roolerk,,,
Roxxagon,1,democrats,https://www.reddit.com/u/Roxxagon,,,
Rubberbabybuggybum,1,democrats,https://www.reddit.com/u/Rubberbabybuggybum,,,
SafeReturnDoubtful,1,Republican,https://www.reddit.com/u/SafeReturnDoubtful,,,
SamuraiRafiki,1,democrats,https://www.reddit.com/u/SamuraiRafiki,,,
SatanBunny,1,democrats,https://www.reddit.com/u/SatanBunny,,,
Saucebiz,0,Republican,https://www.reddit.com/u/Saucebiz,,,
SaysSaysSaysSays,1,Republican,https://www.reddit.com/u/SaysSaysSaysSays,,,
Scaredog21,1,Republican,https://www.reddit.com/u/Scaredog21,,,
Schkateboarda,1,democrats,https://www.reddit.com/u/Schkateboarda,,,
Scwinsett,1,democrats,https://www.reddit.com/u/Scwinsett,,,
Secomav420,1,democrats,https://www.reddit.com/u/Secomav420,,,
SevTheNiceGuy,1,democrats,https://www.reddit.com/u/SevTheNiceGuy,,,
ShadowOfXavius,0,Republican,https://www.reddit.com/u/ShadowOfXavius,,,
SheikDjibouti,1,democrats,https://www.reddit.com/u/SheikDjibouti,,,
ShelSilverstain,1,democrats,https://www.reddit.com/u/ShelSilverstain,,,
ShellyATX2,0,democrats,https://www.reddit.com/u/ShellyATX2,,,
ShillinTheVillain,0,Republican,https://www.reddit.com/u/ShillinTheVillain,,,
Shirowoh,1,Republican,https://www.reddit.com/u/Shirowoh,,,
Shitload_Of_Fuck,1,Republican,https://www.reddit.com/u/Shitload_Of_Fuck,,,
ShivaSkunk777,1,democrats,https://www.reddit.com/u/ShivaSkunk777,,,
Shivshanks,0,democrats,https://www.reddit.com/u/Shivshanks,,,
Shredder13,1,Republican,https://www.reddit.com/u/Shredder13,,,
Sick0fThisShit,0,democrats,https://www.reddit.com/u/Sick0fThisShit,,,
SilentWalrus92,1,democrats,https://www.reddit.com/u/SilentWalrus92,,,
SisterCommie,1,democrats,https://www.reddit.com/u/SisterCommie,,,
Skeetronic,1,democrats,https://www.reddit.com/u/Skeetronic,,,
SkunkMonkey,1,democrats,https://www.reddit.com/u/SkunkMonkey,,,
SlaveLaborMods,1,democrats,https://www.reddit.com/u/SlaveLaborMods,,,
SlimLovin,1,Republican,https://www.reddit.com/u/SlimLovin,,,
SlobBarker,1,democrats,https://www.reddit.com/u/SlobBarker,,,
SmooveTaste,1,democrats,https://www.reddit.com/u/SmooveTaste,,,
Soccadude123,0,Republican,https://www.reddit.com/u/Soccadude123,,,
SouthernJeb,1,Republican,https://www.reddit.com/u/SouthernJeb,,,
Southwest_Warboy,1,democrats,https://www.reddit.com/u/Southwest_Warboy,,,
Spails,0,democrats,https://www.reddit.com/u/Spails,,,
Spurs_Up,1,Republican,https://www.reddit.com/u/Spurs_Up,,,
Spy_v_Spy_Freakshow,1,democrats,https://www.reddit.com/u/Spy_v_Spy_Freakshow,,,
SquirrelHumper,1,democrats,https://www.reddit.com/u/SquirrelHumper,,,
StackerPentecost,1,democrats,https://www.reddit.com/u/StackerPentecost,,,
StalinsBFF,0,democrats,https://www.reddit.com/u/StalinsBFF,,,
Staralightly,1,democrats,https://www.reddit.com/u/Staralightly,,,
Stargos_of_Qeynos,1,democrats,https://www.reddit.com/u/Stargos_of_Qeynos,,,
StatisticalAstronaut,1,Republican,https://www.reddit.com/u/StatisticalAstronaut,,,
Steez-n-Treez,1,Republican,https://www.reddit.com/u/Steez-n-Treez,,,
StephenScherer1,0,Republican,https://www.reddit.com/u/StephenScherer1,,,
Stevemagegod,1,Republican,https://www.reddit.com/u/Stevemagegod,,,
Stopbeingrude,1,democrats,https://www.reddit.com/u/Stopbeingrude,,,
Str8DonLemon,0,Republican,https://www.reddit.com/u/Str8DonLemon,,,
Strong__Belwas,0,democrats,https://www.reddit.com/u/Strong__Belwas,,,
Synux,1,democrats,https://www.reddit.com/u/Synux,,,
THIS_IS_NOT_SHITTY,0,democrats,https://www.reddit.com/u/THIS_IS_NOT_SHITTY,,,
TJames6210,0,democrats,https://www.reddit.com/u/TJames6210,,,
TRUMP_WINNING_MAGA,1,Republican,https://www.reddit.com/u/TRUMP_WINNING_MAGA,,,
TapTheForwardAssist,1,Republican,https://www.reddit.com/u/TapTheForwardAssist,,,
TeamRedundancyTeam,1,democrats,https://www.reddit.com/u/TeamRedundancyTeam,,,
Ted-the-Pirate,0,Republican,https://www.reddit.com/u/Ted-the-Pirate,,,
Tekshow,1,Republican,https://www.reddit.com/u/Tekshow,,,
Tempus_Wolf,1,democrats,https://www.reddit.com/u/Tempus_Wolf,,,
TenRedBullsANite,1,Republican,https://www.reddit.com/u/TenRedBullsANite,,,
Texas_FTW,1,democrats,https://www.reddit.com/u/Texas_FTW,,,
Texas_Rangers,1,democrats,https://www.reddit.com/u/Texas_Rangers,,,
Thatythat,0,democrats,https://www.reddit.com/u/Thatythat,,,
TheAluminumGuru,0,Republican,https://www.reddit.com/u/TheAluminumGuru,,,
TheDesertFox929,1,Republican,https://www.reddit.com/u/TheDesertFox929,,,
TheDinkleberg,0,democrats,https://www.reddit.com/u/TheDinkleberg,,,
TheElectricShaman,1,Republican,https://www.reddit.com/u/TheElectricShaman,,,
TheEmeraldCrusader,1,Republican,https://www.reddit.com/u/TheEmeraldCrusader,,,
TheFluzzy,1,democrats,https://www.reddit.com/u/TheFluzzy,,,
TheJewWorldOrder_,1,democrats,https://www.reddit.com/u/TheJewWorldOrder_,,,
TheRealJDubb,1,Republican,https://www.reddit.com/u/TheRealJDubb,,,
TheStinkfoot,1,democrats,https://www.reddit.com/u/TheStinkfoot,,,
TheThomaswastaken,1,democrats,https://www.reddit.com/u/TheThomaswastaken,,,
TheWhitestOrca,1,democrats,https://www.reddit.com/u/TheWhitestOrca,,,
The_Best_Taker,1,Republican,https://www.reddit.com/u/The_Best_Taker,,,
The_Central_Brawler,1,democrats,https://www.reddit.com/u/The_Central_Brawler,,,
The_Write_Stuff,1,democrats,https://www.reddit.com/u/The_Write_Stuff,,,
The_seph_i_am,1,Republican,https://www.reddit.com/u/The_seph_i_am,,,
TicsPoli,1,democrats,https://www.reddit.com/u/TicsPoli,,,
Tomsisson4170,0,democrats,https://www.reddit.com/u/Tomsisson4170,,,
TonyzTone,1,democrats,https://www.reddit.com/u/TonyzTone,,,
Toothpaste_Sandwich,0,democrats,https://www.reddit.com/u/Toothpaste_Sandwich,,,
TreeBeef,0,Republican,https://www.reddit.com/u/TreeBeef,,,
Tribat_1,1,democrats,https://www.reddit.com/u/Tribat_1,,,
TriggerForge,0,Republican,https://www.reddit.com/u/TriggerForge,,,
TrueInTheory,0,Republican,https://www.reddit.com/u/TrueInTheory,,,
TrumptraintoDC,1,Republican,https://www.reddit.com/u/TrumptraintoDC,,,
U-N-C-L-E,1,democrats,https://www.reddit.com/u/U-N-C-L-E,,,
UWCG,1,democrats,https://www.reddit.com/u/UWCG,,,
UltimateUltamate,1,Republican,https://www.reddit.com/u/UltimateUltamate,,,
UltraInstinct51,0,democrats,https://www.reddit.com/u/UltraInstinct51,,,
VCUBNFO,1,Republican,https://www.reddit.com/u/VCUBNFO,,,
Vayne13,0,democrats,https://www.reddit.com/u/Vayne13,,,
VegaThePunisher,1,democrats,https://www.reddit.com/u/VegaThePunisher,,,
VintageOctopus,0,Republican,https://www.reddit.com/u/VintageOctopus,,,
VulfSki,1,democrats,https://www.reddit.com/u/VulfSki,,,
Wardamntoucan,0,Republican,https://www.reddit.com/u/Wardamntoucan,,,
WeRtheBork,0,democrats,https://www.reddit.com/u/WeRtheBork,,,
WeTrudgeOn,1,democrats,https://www.reddit.com/u/WeTrudgeOn,,,
WeaponexT,1,democrats,https://www.reddit.com/u/WeaponexT,,,
Webby915,0,democrats,https://www.reddit.com/u/Webby915,,,
WheresTheFlan,0,Republican,https://www.reddit.com/u/WheresTheFlan,,,
Whiskeyrich,1,democrats,https://www.reddit.com/u/Whiskeyrich,,,
Whit3W0lf,1,democrats,https://www.reddit.com/u/Whit3W0lf,,,
Whosaidwutnow,1,democrats,https://www.reddit.com/u/Whosaidwutnow,,,
WienerNuggetLog,1,democrats,https://www.reddit.com/u/WienerNuggetLog,,,
WorldController,1,democrats,https://www.reddit.com/u/WorldController,,,
WorseThanHipster,1,democrats,https://www.reddit.com/u/WorseThanHipster,,,
WrestleWithJim,1,Republican,https://www.reddit.com/u/WrestleWithJim,,,
YutakaAoki,1,Republican,https://www.reddit.com/u/YutakaAoki,,,
Zelk,1,democrats,https://www.reddit.com/u/Zelk,,,
Ziff-A-Dee-Dew-Law,1,democrats,https://www.reddit.com/u/Ziff-A-Dee-Dew-Law,,,
Zoot-just_zoot,0,democrats,https://www.reddit.com/u/Zoot-just_zoot,,,
_Hogarth_Hughes_,1,Republican,https://www.reddit.com/u/_Hogarth_Hughes_,,,
__howzat__,0,democrats,https://www.reddit.com/u/__howzat__,,,
_glenn_,0,Republican,https://www.reddit.com/u/_glenn_,,,
_itspaco,1,democrats,https://www.reddit.com/u/_itspaco,,,
a0x129,1,democrats,https://www.reddit.com/u/a0x129,,,
aLittleHiddenTree,0,democrats,https://www.reddit.com/u/aLittleHiddenTree,,,
aborderlinebadgamer,1,Republican,https://www.reddit.com/u/aborderlinebadgamer,,,
absentbird,0,democrats,https://www.reddit.com/u/absentbird,,,
adamdesautel,1,democrats,https://www.reddit.com/u/adamdesautel,,,
adamtwosleeves,1,democrats,https://www.reddit.com/u/adamtwosleeves,,,
ahshitwhatthefuck,1,Republican,https://www.reddit.com/u/ahshitwhatthefuck,,,
airoderinde,1,democrats,https://www.reddit.com/u/airoderinde,,,
akcrono,1,democrats,https://www.reddit.com/u/akcrono,,,
aleimira,1,Republican,https://www.reddit.com/u/aleimira,,,
alexleafs522,1,democrats,https://www.reddit.com/u/alexleafs522,,,
alsoaprettybigdeal,1,democrats,https://www.reddit.com/u/alsoaprettybigdeal,,,
altmiddle3arth,1,Republican,https://www.reddit.com/u/altmiddle3arth,,,
alvarezg,1,democrats,https://www.reddit.com/u/alvarezg,,,
ammoprofit,0,Republican,https://www.reddit.com/u/ammoprofit,,,
amus,1,democrats,https://www.reddit.com/u/amus,,,
andrew_ski,1,Republican,https://www.reddit.com/u/andrew_ski,,,
angrybirdseller,1,Republican,https://www.reddit.com/u/angrybirdseller,,,
anoelr1963,1,democrats,https://www.reddit.com/u/anoelr1963,,,
anonanonanonanonanon,1,Republican,https://www.reddit.com/u/anonanonanonanonanon,,,
anotherblue,1,democrats,https://www.reddit.com/u/anotherblue,,,
anuser999,1,democrats,https://www.reddit.com/u/anuser999,,,
arachnivore,1,democrats,https://www.reddit.com/u/arachnivore,,,
archronin,0,democrats,https://www.reddit.com/u/archronin,,,
areyouseriousdotard,1,democrats,https://www.reddit.com/u/areyouseriousdotard,,,
arthurpartygod,1,Republican,https://www.reddit.com/u/arthurpartygod,,,
arthurtc2000,0,democrats,https://www.reddit.com/u/arthurtc2000,,,
artisanrox,0,democrats,https://www.reddit.com/u/artisanrox,,,
ask327,1,democrats,https://www.reddit.com/u/ask327,,,
atomic1fire,1,Republican,https://www.reddit.com/u/atomic1fire,,,
ausversehn0,1,Republican,https://www.reddit.com/u/ausversehn0,,,
auto-xkcd37,0,democrats,https://www.reddit.com/u/auto-xkcd37,,,
autotldr,1,Republican,https://www.reddit.com/u/autotldr,,,
avmock,0,Republican,https://www.reddit.com/u/avmock,,,
axelG97,1,democrats,https://www.reddit.com/u/axelG97,,,
aykyle,0,democrats,https://www.reddit.com/u/aykyle,,,
b_rouse,1,democrats,https://www.reddit.com/u/b_rouse,,,
backpackwayne,1,democrats,https://www.reddit.com/u/backpackwayne,,,
backtoreality00,1,democrats,https://www.reddit.com/u/backtoreality00,,,
bagelmanman35,0,democrats,https://www.reddit.com/u/bagelmanman35,,,
barbadosslim,0,democrats,https://www.reddit.com/u/barbadosslim,,,
batshitcrazy5150,1,democrats,https://www.reddit.com/u/batshitcrazy5150,,,
beenyweenies,1,democrats,https://www.reddit.com/u/beenyweenies,,,
beerfist,1,democrats,https://www.reddit.com/u/beerfist,,,
bfwilley,1,Republican,https://www.reddit.com/u/bfwilley,,,
bike_tyson,1,democrats,https://www.reddit.com/u/bike_tyson,,,
blueholeload,1,democrats,https://www.reddit.com/u/blueholeload,,,
blueivyyy,1,democrats,https://www.reddit.com/u/blueivyyy,,,
bonestamp,1,democrats,https://www.reddit.com/u/bonestamp,,,
bookelly,0,democrats,https://www.reddit.com/u/bookelly,,,
bookluvr83,0,democrats,https://www.reddit.com/u/bookluvr83,,,
brokensinc,1,democrats,https://www.reddit.com/u/brokensinc,,,
brothersand,1,democrats,https://www.reddit.com/u/brothersand,,,
brycebgood,1,democrats,https://www.reddit.com/u/brycebgood,,,
buffalo_chum,0,democrats,https://www.reddit.com/u/buffalo_chum,,,
cabbage_peddler,1,Republican,https://www.reddit.com/u/cabbage_peddler,,,
cafeRacr,1,Republican,https://www.reddit.com/u/cafeRacr,,,
cakemuncher,1,Republican,https://www.reddit.com/u/cakemuncher,,,
candianchicksrule,1,democrats,https://www.reddit.com/u/candianchicksrule,,,
canned_parakeet,1,democrats,https://www.reddit.com/u/canned_parakeet,,,
capncaveman,1,Republican,https://www.reddit.com/u/capncaveman,,,
captainmo017,0,democrats,https://www.reddit.com/u/captainmo017,,,
carminedg123,1,democrats,https://www.reddit.com/u/carminedg123,,,
casstraxx,1,democrats,https://www.reddit.com/u/casstraxx,,,
cavscout43,1,democrats,https://www.reddit.com/u/cavscout43,,,
cerebralspinaldruid,1,democrats,https://www.reddit.com/u/cerebralspinaldruid,,,
cerevant,1,democrats,https://www.reddit.com/u/cerevant,,,
chabanais,0,Republican,https://www.reddit.com/u/chabanais,,,
charlieattic,0,democrats,https://www.reddit.com/u/charlieattic,,,
cherrylpk,0,democrats,https://www.reddit.com/u/cherrylpk,,,
chiefcoolarrow8x6,1,democrats,https://www.reddit.com/u/chiefcoolarrow8x6,,,
chilaxinman,1,democrats,https://www.reddit.com/u/chilaxinman,,,
chrsblk,1,Republican,https://www.reddit.com/u/chrsblk,,,
chubbiguy40,1,democrats,https://www.reddit.com/u/chubbiguy40,,,
chugonthis,1,democrats,https://www.reddit.com/u/chugonthis,,,
circuitj3rky,1,democrats,https://www.reddit.com/u/circuitj3rky,,,
cisxuzuul,1,democrats,https://www.reddit.com/u/cisxuzuul,,,
claude_jeter,1,democrats,https://www.reddit.com/u/claude_jeter,,,
clickable_link,0,Republican,https://www.reddit.com/u/clickable_link,,,
cloudsnacks,1,Republican,https://www.reddit.com/u/cloudsnacks,,,
clubbooradley,1,democrats,https://www.reddit.com/u/clubbooradley,,,
cmanson,0,Republican,https://www.reddit.com/u/cmanson,,,
codegreen_,1,democrats,https://www.reddit.com/u/codegreen_,,,
coffeepi,0,democrats,https://www.reddit.com/u/coffeepi,,,
concreteblue,0,democrats,https://www.reddit.com/u/concreteblue,,,
coolmon,0,democrats,https://www.reddit.com/u/coolmon,,,
coolrulez555,1,Republican,https://www.reddit.com/u/coolrulez555,,,
cowbear42,1,democrats,https://www.reddit.com/u/cowbear42,,,
craigthecrayfish,1,Republican,https://www.reddit.com/u/craigthecrayfish,,,
crowlibrarian,1,democrats,https://www.reddit.com/u/crowlibrarian,,,
crystaltorta,0,democrats,https://www.reddit.com/u/crystaltorta,,,
curious_meerkat,1,democrats,https://www.reddit.com/u/curious_meerkat,,,
curious_skeptic,1,democrats,https://www.reddit.com/u/curious_skeptic,,,
cybexg,1,democrats,https://www.reddit.com/u/cybexg,,,
czarcasticjew,1,democrats,https://www.reddit.com/u/czarcasticjew,,,
d_mcc_x,1,democrats,https://www.reddit.com/u/d_mcc_x,,,
daemonchile,0,Republican,https://www.reddit.com/u/daemonchile,,,
dakandy,1,Republican,https://www.reddit.com/u/dakandy,,,
dam072000,1,Republican,https://www.reddit.com/u/dam072000,,,
dan_kase,1,democrats,https://www.reddit.com/u/dan_kase,,,
darmabum,0,democrats,https://www.reddit.com/u/darmabum,,,
darth_biggles,0,democrats,https://www.reddit.com/u/darth_biggles,,,
darthhayek,1,Republican,https://www.reddit.com/u/darthhayek,,,
darthvadersnipples,0,Republican,https://www.reddit.com/u/darthvadersnipples,,,
data2dave,1,democrats,https://www.reddit.com/u/data2dave,,,
dbcaliman,1,democrats,https://www.reddit.com/u/dbcaliman,,,
deaconheel,1,democrats,https://www.reddit.com/u/deaconheel,,,
dead_pirate_robertz,1,democrats,https://www.reddit.com/u/dead_pirate_robertz,,,
deepasleep,1,democrats,https://www.reddit.com/u/deepasleep,,,
deircr33,1,democrats,https://www.reddit.com/u/deircr33,,,
demagogueffxiv,1,democrats,https://www.reddit.com/u/demagogueffxiv,,,
digital_end,1,democrats,https://www.reddit.com/u/digital_end,,,
dingdongdillydilly,1,democrats,https://www.reddit.com/u/dingdongdillydilly,,,
djjohse,1,democrats,https://www.reddit.com/u/djjohse,,,
djoefish,1,democrats,https://www.reddit.com/u/djoefish,,,
dmoney78660,1,Republican,https://www.reddit.com/u/dmoney78660,,,
dognocat,1,democrats,https://www.reddit.com/u/dognocat,,,
donttellthissecret,1,democrats,https://www.reddit.com/u/donttellthissecret,,,
dopp3lganger,1,Republican,https://www.reddit.com/u/dopp3lganger,,,
doublezero23,1,Republican,https://www.reddit.com/u/doublezero23,,,
dr_pepper_35,1,Republican,https://www.reddit.com/u/dr_pepper_35,,,
drdook,0,democrats,https://www.reddit.com/u/drdook,,,
drift_summary,1,Republican,https://www.reddit.com/u/drift_summary,,,
drlove57,0,democrats,https://www.reddit.com/u/drlove57,,,
dydski,0,democrats,https://www.reddit.com/u/dydski,,,
eclectro,1,Republican,https://www.reddit.com/u/eclectro,,,
edc7,1,democrats,https://www.reddit.com/u/edc7,,,
el_muchacho_loco,1,Republican,https://www.reddit.com/u/el_muchacho_loco,,,
emilylime27,1,democrats,https://www.reddit.com/u/emilylime27,,,
erethangbagel,0,democrats,https://www.reddit.com/u/erethangbagel,,,
eric987235,1,democrats,https://www.reddit.com/u/eric987235,,,
erosharcos,1,democrats,https://www.reddit.com/u/erosharcos,,,
errie_tholluxe,1,democrats,https://www.reddit.com/u/errie_tholluxe,,,
evdacf,0,democrats,https://www.reddit.com/u/evdacf,,,
everetterice,1,democrats,https://www.reddit.com/u/everetterice,,,
evolutionfan,1,democrats,https://www.reddit.com/u/evolutionfan,,,
faedrake,1,democrats,https://www.reddit.com/u/faedrake,,,
falconinthedive,1,democrats,https://www.reddit.com/u/falconinthedive,,,
farlack,1,democrats,https://www.reddit.com/u/farlack,,,
fastasyoucan1,0,Republican,https://www.reddit.com/u/fastasyoucan1,,,
felinebeeline,1,democrats,https://www.reddit.com/u/felinebeeline,,,
fjbruzr,1,democrats,https://www.reddit.com/u/fjbruzr,,,
fletcherkildren,1,democrats,https://www.reddit.com/u/fletcherkildren,,,
floridawhiteguy,1,democrats,https://www.reddit.com/u/floridawhiteguy,,,
fluffykerfuffle1,1,democrats,https://www.reddit.com/u/fluffykerfuffle1,,,
fluvx,1,Republican,https://www.reddit.com/u/fluvx,,,
frluck24,0,democrats,https://www.reddit.com/u/frluck24,,,
frozenelf,1,democrats,https://www.reddit.com/u/frozenelf,,,
funknut,1,democrats,https://www.reddit.com/u/funknut,,,
fyrie,0,democrats,https://www.reddit.com/u/fyrie,,,
g33klibrarian,1,democrats,https://www.reddit.com/u/g33klibrarian,,,
gadgetcool5,1,democrats,https://www.reddit.com/u/gadgetcool5,,,
garbage_plates,1,Republican,https://www.reddit.com/u/garbage_plates,,,
gatton,0,democrats,https://www.reddit.com/u/gatton,,,
gdan95,1,democrats,https://www.reddit.com/u/gdan95,,,
gelinrefira,1,democrats,https://www.reddit.com/u/gelinrefira,,,
get_it_together1,1,Republican,https://www.reddit.com/u/get_it_together1,,,
getridofwires,1,democrats,https://www.reddit.com/u/getridofwires,,,
gnusm,1,Republican,https://www.reddit.com/u/gnusm,,,
go_comatose_for_me,1,democrats,https://www.reddit.com/u/go_comatose_for_me,,,
godlesspinko,1,democrats,https://www.reddit.com/u/godlesspinko,,,
godsdragon79,1,Republican,https://www.reddit.com/u/godsdragon79,,,
goforthandconquer,1,democrats,https://www.reddit.com/u/goforthandconquer,,,
goodstorydan,1,democrats,https://www.reddit.com/u/goodstorydan,,,
graneful,1,democrats,https://www.reddit.com/u/graneful,,,
greentreesbreezy,1,democrats,https://www.reddit.com/u/greentreesbreezy,,,
gregdbowen,1,democrats,https://www.reddit.com/u/gregdbowen,,,
griff-labarum,1,Republican,https://www.reddit.com/u/griff-labarum,,,
grizzlyhardon,1,Republican,https://www.reddit.com/u/grizzlyhardon,,,
grumpman,1,democrats,https://www.reddit.com/u/grumpman,,,
guitarelf,1,democrats,https://www.reddit.com/u/guitarelf,,,
guythatsaidthatthing,1,democrats,https://www.reddit.com/u/guythatsaidthatthing,,,
healthcarebill,1,democrats,https://www.reddit.com/u/healthcarebill,,,
hikerfag,1,Republican,https://www.reddit.com/u/hikerfag,,,
hildoditler,1,democrats,https://www.reddit.com/u/hildoditler,,,
hoark_hogan,1,democrats,https://www.reddit.com/u/hoark_hogan,,,
howdytherepeeps,1,Republican,https://www.reddit.com/u/howdytherepeeps,,,
hrlngrv,1,democrats,https://www.reddit.com/u/hrlngrv,,,
hwkns,1,Republican,https://www.reddit.com/u/hwkns,,,
i-FF0000dit,1,democrats,https://www.reddit.com/u/i-FF0000dit,,,
i-touched-morrissey,0,democrats,https://www.reddit.com/u/i-touched-morrissey,,,
iamiamwhoami,1,democrats,https://www.reddit.com/u/iamiamwhoami,,,
iamthegraham,0,democrats,https://www.reddit.com/u/iamthegraham,,,
iconotastic,1,Republican,https://www.reddit.com/u/iconotastic,,,
idrinkyour_milkshake,0,Republican,https://www.reddit.com/u/idrinkyour_milkshake,,,
igraywolf,0,Republican,https://www.reddit.com/u/igraywolf,,,
illuminutcase,1,democrats,https://www.reddit.com/u/illuminutcase,,,
immakatt,1,democrats,https://www.reddit.com/u/immakatt,,,
inkoDe,1,Republican,https://www.reddit.com/u/inkoDe,,,
insipidgoose,0,democrats,https://www.reddit.com/u/insipidgoose,,,
isaaclw,0,democrats,https://www.reddit.com/u/isaaclw,,,
israeljeff,0,democrats,https://www.reddit.com/u/israeljeff,,,
ithinkmynameismoose,1,Republican,https://www.reddit.com/u/ithinkmynameismoose,,,
iwascompromised,1,democrats,https://www.reddit.com/u/iwascompromised,,,
jafomatic,1,democrats,https://www.reddit.com/u/jafomatic,,,
jawolfington,0,democrats,https://www.reddit.com/u/jawolfington,,,
jaxx050,1,democrats,https://www.reddit.com/u/jaxx050,,,
jayhawx86,1,democrats,https://www.reddit.com/u/jayhawx86,,,
jemyr,1,Republican,https://www.reddit.com/u/jemyr,,,
jeremyrnr,0,democrats,https://www.reddit.com/u/jeremyrnr,,,
jfreed43,1,democrats,https://www.reddit.com/u/jfreed43,,,
jkronc81,0,Republican,https://www.reddit.com/u/jkronc81,,,
jlhouse36,0,democrats,https://www.reddit.com/u/jlhouse36,,,
jmbsc,1,democrats,https://www.reddit.com/u/jmbsc,,,
jmc99,1,Republican,https://www.reddit.com/u/jmc99,,,
joebingingham,1,Republican,https://www.reddit.com/u/joebingingham,,,
johnchapel,1,Republican,https://www.reddit.com/u/johnchapel,,,
johninbigd,1,democrats,https://www.reddit.com/u/johninbigd,,,
jonnielaw,1,democrats,https://www.reddit.com/u/jonnielaw,,,
jonpdxOR,1,democrats,https://www.reddit.com/u/jonpdxOR,,,
jpguitfiddler,1,democrats,https://www.reddit.com/u/jpguitfiddler,,,
jrbanks3,1,democrats,https://www.reddit.com/u/jrbanks3,,,
justice7,1,Republican,https://www.reddit.com/u/justice7,,,
jvd0928,1,democrats,https://www.reddit.com/u/jvd0928,,,
kahn_noble,1,democrats,https://www.reddit.com/u/kahn_noble,,,
katgib13,0,democrats,https://www.reddit.com/u/katgib13,,,
kaybeem50,1,Republican,https://www.reddit.com/u/kaybeem50,,,
keaco,1,democrats,https://www.reddit.com/u/keaco,,,
keith_weaver,1,Republican,https://www.reddit.com/u/keith_weaver,,,
keypuncher,1,Republican,https://www.reddit.com/u/keypuncher,,,
kibretw,1,Republican,https://www.reddit.com/u/kibretw,,,
killxswitch,1,democrats,https://www.reddit.com/u/killxswitch,,,
kitkid,1,democrats,https://www.reddit.com/u/kitkid,,,
kittenpantzen,1,democrats,https://www.reddit.com/u/kittenpantzen,,,
kizzash,1,Republican,https://www.reddit.com/u/kizzash,,,
kooodeal,1,democrats,https://www.reddit.com/u/kooodeal,,,
koryface,1,democrats,https://www.reddit.com/u/koryface,,,
krikeydile,1,Republican,https://www.reddit.com/u/krikeydile,,,
kurisu7885,1,democrats,https://www.reddit.com/u/kurisu7885,,,
kygipper,1,Republican,https://www.reddit.com/u/kygipper,,,
labluewolfe,1,Republican,https://www.reddit.com/u/labluewolfe,,,
lamb2cosmicslaughter,0,democrats,https://www.reddit.com/u/lamb2cosmicslaughter,,,
lancerelliott,1,Republican,https://www.reddit.com/u/lancerelliott,,,
lead999x,1,democrats,https://www.reddit.com/u/lead999x,,,
lepuma,0,Republican,https://www.reddit.com/u/lepuma,,,
letsgetbelow200,1,Republican,https://www.reddit.com/u/letsgetbelow200,,,
ljrdxyh,1,Republican,https://www.reddit.com/u/ljrdxyh,,,
lonnie123,1,Republican,https://www.reddit.com/u/lonnie123,,,
lookingforsome1,1,democrats,https://www.reddit.com/u/lookingforsome1,,,
lord-derricicus,0,democrats,https://www.reddit.com/u/lord-derricicus,,,
lordperiwinkle,1,democrats,https://www.reddit.com/u/lordperiwinkle,,,
lotusbloom74,1,democrats,https://www.reddit.com/u/lotusbloom74,,,
lucky_lulu,0,democrats,https://www.reddit.com/u/lucky_lulu,,,
m37driver,1,Republican,https://www.reddit.com/u/m37driver,,,
mad-n-fla,1,democrats,https://www.reddit.com/u/mad-n-fla,,,
mad_poet_navarth,1,democrats,https://www.reddit.com/u/mad_poet_navarth,,,
madmadG,0,Republican,https://www.reddit.com/u/madmadG,,,
magnificentshambles,0,democrats,https://www.reddit.com/u/magnificentshambles,,,
mainlyhereforporn69,1,democrats,https://www.reddit.com/u/mainlyhereforporn69,,,
marsglow,1,democrats,https://www.reddit.com/u/marsglow,,,
marsianer,1,democrats,https://www.reddit.com/u/marsianer,,,
martiro45,0,Republican,https://www.reddit.com/u/martiro45,,,
mastercotcot,0,Republican,https://www.reddit.com/u/mastercotcot,,,
maxout2142,1,Republican,https://www.reddit.com/u/maxout2142,,,
maxxamus15,0,democrats,https://www.reddit.com/u/maxxamus15,,,
mcpat21,1,Republican,https://www.reddit.com/u/mcpat21,,,
meat_tornados,1,democrats,https://www.reddit.com/u/meat_tornados,,,
meauho,1,democrats,https://www.reddit.com/u/meauho,,,
mech1985,1,Republican,https://www.reddit.com/u/mech1985,,,
mic_strangeler,0,Republican,https://www.reddit.com/u/mic_strangeler,,,
mjk1093,1,democrats,https://www.reddit.com/u/mjk1093,,,
mkrsoft,1,democrats,https://www.reddit.com/u/mkrsoft,,,
mmsood99,1,democrats,https://www.reddit.com/u/mmsood99,,,
moderndaycassiusclay,1,democrats,https://www.reddit.com/u/moderndaycassiusclay,,,
montairemax,0,Republican,https://www.reddit.com/u/montairemax,,,
moop_n_shmow,1,democrats,https://www.reddit.com/u/moop_n_shmow,,,
mouthpanties,1,Republican,https://www.reddit.com/u/mouthpanties,,,
mrjackspade,1,democrats,https://www.reddit.com/u/mrjackspade,,,
mrmax7,1,Republican,https://www.reddit.com/u/mrmax7,,,
mrtomjones,1,democrats,https://www.reddit.com/u/mrtomjones,,,
mt-egypt,0,democrats,https://www.reddit.com/u/mt-egypt,,,
muddypaws,1,democrats,https://www.reddit.com/u/muddypaws,,,
mudlarker84,1,democrats,https://www.reddit.com/u/mudlarker84,,,
mugrimm,1,democrats,https://www.reddit.com/u/mugrimm,,,
mundie33,1,Republican,https://www.reddit.com/u/mundie33,,,
musicalbacon,1,democrats,https://www.reddit.com/u/musicalbacon,,,
mycondishuns,1,democrats,https://www.reddit.com/u/mycondishuns,,,
myprequelmemeaccount,1,democrats,https://www.reddit.com/u/myprequelmemeaccount,,,
mythrowxra,1,democrats,https://www.reddit.com/u/mythrowxra,,,
nerox3,1,Republican,https://www.reddit.com/u/nerox3,,,
newsifried,0,democrats,https://www.reddit.com/u/newsifried,,,
nhlroyalty,1,Republican,https://www.reddit.com/u/nhlroyalty,,,
nigl_,1,Republican,https://www.reddit.com/u/nigl_,,,
njmaverick,1,democrats,https://www.reddit.com/u/njmaverick,,,
nolesfan2011,1,Republican,https://www.reddit.com/u/nolesfan2011,,,
normyMacDonald,1,democrats,https://www.reddit.com/u/normyMacDonald,,,
not_that_planet,1,democrats,https://www.reddit.com/u/not_that_planet,,,
notorious_p_a_b,0,democrats,https://www.reddit.com/u/notorious_p_a_b,,,
nowaitstop_,1,democrats,https://www.reddit.com/u/nowaitstop_,,,
ns1976,1,Republican,https://www.reddit.com/u/ns1976,,,
nscherneck,0,democrats,https://www.reddit.com/u/nscherneck,,,
obxtalldude,1,democrats,https://www.reddit.com/u/obxtalldude,,,
occupybostonfriend,1,democrats,https://www.reddit.com/u/occupybostonfriend,,,
ohheyitsdeejay,1,democrats,https://www.reddit.com/u/ohheyitsdeejay,,,
ooofest,1,democrats,https://www.reddit.com/u/ooofest,,,
open_perspective,1,democrats,https://www.reddit.com/u/open_perspective,,,
orngckn42,1,Republican,https://www.reddit.com/u/orngckn42,,,
ostrich_semen,1,democrats,https://www.reddit.com/u/ostrich_semen,,,
ouroboro76,1,Republican,https://www.reddit.com/u/ouroboro76,,,
overthinker356,0,democrats,https://www.reddit.com/u/overthinker356,,,
owen_skye,1,Republican,https://www.reddit.com/u/owen_skye,,,
ozuguru,1,democrats,https://www.reddit.com/u/ozuguru,,,
papeold,1,Republican,https://www.reddit.com/u/papeold,,,
paperclipzzz,1,democrats,https://www.reddit.com/u/paperclipzzz,,,
pasarina,1,democrats,https://www.reddit.com/u/pasarina,,,
peanutro,0,democrats,https://www.reddit.com/u/peanutro,,,
peppelepeu,1,democrats,https://www.reddit.com/u/peppelepeu,,,
pestdantic,1,Republican,https://www.reddit.com/u/pestdantic,,,
pewpewhitguy,1,democrats,https://www.reddit.com/u/pewpewhitguy,,,
pghgamecock,1,Republican,https://www.reddit.com/u/pghgamecock,,,
phantomcut3,1,Republican,https://www.reddit.com/u/phantomcut3,,,
phungus_mungus,1,Republican,https://www.reddit.com/u/phungus_mungus,,,
picklejewce,1,democrats,https://www.reddit.com/u/picklejewce,,,
pimanac,1,Republican,https://www.reddit.com/u/pimanac,,,
piperluck,1,Republican,https://www.reddit.com/u/piperluck,,,
pluviosity,1,democrats,https://www.reddit.com/u/pluviosity,,,
pm_me_ur_cryptoz,1,Republican,https://www.reddit.com/u/pm_me_ur_cryptoz,,,
pm_ur_dna,1,democrats,https://www.reddit.com/u/pm_ur_dna,,,
pocketknifeMT,1,Republican,https://www.reddit.com/u/pocketknifeMT,,,
politicalanalysis,1,democrats,https://www.reddit.com/u/politicalanalysis,,,
poopypeepee24,0,Republican,https://www.reddit.com/u/poopypeepee24,,,
pops_secret,0,democrats,https://www.reddit.com/u/pops_secret,,,
porkysbutthole90,1,Republican,https://www.reddit.com/u/porkysbutthole90,,,
portugal_the_fan,1,Republican,https://www.reddit.com/u/portugal_the_fan,,,
probablyuntrue,1,democrats,https://www.reddit.com/u/probablyuntrue,,,
profeDB,0,democrats,https://www.reddit.com/u/profeDB,,,
prohb,1,democrats,https://www.reddit.com/u/prohb,,,
projexion_reflexion,1,democrats,https://www.reddit.com/u/projexion_reflexion,,,
psufan5,1,democrats,https://www.reddit.com/u/psufan5,,,
question_sunshine,1,democrats,https://www.reddit.com/u/question_sunshine,,,
r3dt4rget,1,democrats,https://www.reddit.com/u/r3dt4rget,,,
rAlexanderAcosta,1,Republican,https://www.reddit.com/u/rAlexanderAcosta,,,
r_slash_politics_sux,1,Republican,https://www.reddit.com/u/r_slash_politics_sux,,,
radialmonster,1,democrats,https://www.reddit.com/u/radialmonster,,,
raffu280,1,Republican,https://www.reddit.com/u/raffu280,,,
randomfemale,1,Republican,https://www.reddit.com/u/randomfemale,,,
randy88moss,1,democrats,https://www.reddit.com/u/randy88moss,,,
rapidski,1,democrats,https://www.reddit.com/u/rapidski,,,
raptorbluez,1,democrats,https://www.reddit.com/u/raptorbluez,,,
ravia,1,democrats,https://www.reddit.com/u/ravia,,,
rblue,1,democrats,https://www.reddit.com/u/rblue,,,
realdealboy,1,Republican,https://www.reddit.com/u/realdealboy,,,
red_carpet_hero,1,democrats,https://www.reddit.com/u/red_carpet_hero,,,
reddit_1999,1,democrats,https://www.reddit.com/u/reddit_1999,,,
redditreaderz,0,Republican,https://www.reddit.com/u/redditreaderz,,,
reedemerofsouls,1,Republican,https://www.reddit.com/u/reedemerofsouls,,,
rehtulx,1,Republican,https://www.reddit.com/u/rehtulx,,,
retivin,1,democrats,https://www.reddit.com/u/retivin,,,
reuterrat,1,Republican,https://www.reddit.com/u/reuterrat,,,
rieslingatkos,1,democrats,https://www.reddit.com/u/rieslingatkos,,,
robotevil,1,democrats,https://www.reddit.com/u/robotevil,,,
rockcandymtns,1,democrats,https://www.reddit.com/u/rockcandymtns,,,
rokstar66,1,democrats,https://www.reddit.com/u/rokstar66,,,
rugby_shirt,0,Republican,https://www.reddit.com/u/rugby_shirt,,,
russellbussell,1,Republican,https://www.reddit.com/u/russellbussell,,,
rwwman50,1,Republican,https://www.reddit.com/u/rwwman50,,,
sandunespacecat,1,democrats,https://www.reddit.com/u/sandunespacecat,,,
sasquatch_pants,1,Republican,https://www.reddit.com/u/sasquatch_pants,,,
scatterbrained81,1,democrats,https://www.reddit.com/u/scatterbrained81,,,
screen317,1,democrats,https://www.reddit.com/u/screen317,,,
searanger62,0,democrats,https://www.reddit.com/u/searanger62,,,
seius,1,Republican,https://www.reddit.com/u/seius,,,
seraph85,1,Republican,https://www.reddit.com/u/seraph85,,,
sforrestw,1,democrats,https://www.reddit.com/u/sforrestw,,,
shash1,1,Republican,https://www.reddit.com/u/shash1,,,
shawnemack,1,democrats,https://www.reddit.com/u/shawnemack,,,
signguy007,0,democrats,https://www.reddit.com/u/signguy007,,,
sirpenguino,1,democrats,https://www.reddit.com/u/sirpenguino,,,
sjihaat,0,Republican,https://www.reddit.com/u/sjihaat,,,
sjsr99,1,democrats,https://www.reddit.com/u/sjsr99,,,
skizzyskabang,0,democrats,https://www.reddit.com/u/skizzyskabang,,,
slammillionaire,0,Republican,https://www.reddit.com/u/slammillionaire,,,
slingtarp,1,democrats,https://www.reddit.com/u/slingtarp,,,
slybird,1,Republican,https://www.reddit.com/u/slybird,,,
smeagolheart,1,democrats,https://www.reddit.com/u/smeagolheart,,,
smhanna,1,democrats,https://www.reddit.com/u/smhanna,,,
smokey9886,1,democrats,https://www.reddit.com/u/smokey9886,,,
sn76477,1,democrats,https://www.reddit.com/u/sn76477,,,
sodapopchomsky,1,Republican,https://www.reddit.com/u/sodapopchomsky,,,
sokpuppet1,1,democrats,https://www.reddit.com/u/sokpuppet1,,,
solosier,0,democrats,https://www.reddit.com/u/solosier,,,
southernfriedbrains,1,democrats,https://www.reddit.com/u/southernfriedbrains,,,
soyalero,0,Republican,https://www.reddit.com/u/soyalero,,,
spaceman757,1,democrats,https://www.reddit.com/u/spaceman757,,,
sparky76016,1,democrats,https://www.reddit.com/u/sparky76016,,,
sparkyjay23,0,democrats,https://www.reddit.com/u/sparkyjay23,,,
speakeasy_slim,0,democrats,https://www.reddit.com/u/speakeasy_slim,,,
speedycat2014,1,democrats,https://www.reddit.com/u/speedycat2014,,,
spinlock,1,democrats,https://www.reddit.com/u/spinlock,,,
spqr-king,1,democrats,https://www.reddit.com/u/spqr-king,,,
spurning,1,Republican,https://www.reddit.com/u/spurning,,,
squarepeg0000,0,democrats,https://www.reddit.com/u/squarepeg0000,,,
srThoits,0,Republican,https://www.reddit.com/u/srThoits,,,
srone,1,democrats,https://www.reddit.com/u/srone,,,
sscilli,1,democrats,https://www.reddit.com/u/sscilli,,,
stabsthedrama,1,democrats,https://www.reddit.com/u/stabsthedrama,,,
staiano,1,democrats,https://www.reddit.com/u/staiano,,,
stankind,0,democrats,https://www.reddit.com/u/stankind,,,
starkey2,1,democrats,https://www.reddit.com/u/starkey2,,,
starman09,1,democrats,https://www.reddit.com/u/starman09,,,
stevenjo28,1,Republican,https://www.reddit.com/u/stevenjo28,,,
stewartm0205,1,Republican,https://www.reddit.com/u/stewartm0205,,,
sticklebackridge,1,democrats,https://www.reddit.com/u/sticklebackridge,,,
stillcallinoutbigots,1,democrats,https://www.reddit.com/u/stillcallinoutbigots,,,
stnickademus7467,1,democrats,https://www.reddit.com/u/stnickademus7467,,,
stopthemadness2015,1,Republican,https://www.reddit.com/u/stopthemadness2015,,,
sumgidan,1,Republican,https://www.reddit.com/u/sumgidan,,,
supercali45,1,democrats,https://www.reddit.com/u/supercali45,,,
supergreen26,0,democrats,https://www.reddit.com/u/supergreen26,,,
surface_book,1,democrats,https://www.reddit.com/u/surface_book,,,
swaharaT,1,democrats,https://www.reddit.com/u/swaharaT,,,
swanspank,1,Republican,https://www.reddit.com/u/swanspank,,,
sweetbabygames,0,Republican,https://www.reddit.com/u/sweetbabygames,,,
takingastep,1,democrats,https://www.reddit.com/u/takingastep,,,
tevert,1,democrats,https://www.reddit.com/u/tevert,,,
th0t__police,0,democrats,https://www.reddit.com/u/th0t__police,,,
thatguyjavi,1,Republican,https://www.reddit.com/u/thatguyjavi,,,
theKalash,1,Republican,https://www.reddit.com/u/theKalash,,,
the_guitargeek,1,democrats,https://www.reddit.com/u/the_guitargeek,,,
theboyblue,1,Republican,https://www.reddit.com/u/theboyblue,,,
thedrew,0,democrats,https://www.reddit.com/u/thedrew,,,
thefugue,1,democrats,https://www.reddit.com/u/thefugue,,,
thek826,1,democrats,https://www.reddit.com/u/thek826,,,
themanbat,1,Republican,https://www.reddit.com/u/themanbat,,,
therecordcorrected,1,democrats,https://www.reddit.com/u/therecordcorrected,,,
theshadowj,1,Republican,https://www.reddit.com/u/theshadowj,,,
thespintop,1,Republican,https://www.reddit.com/u/thespintop,,,
thesquarerootof1,1,democrats,https://www.reddit.com/u/thesquarerootof1,,,
thisisbasil,1,democrats,https://www.reddit.com/u/thisisbasil,,,
three18ti,1,Republican,https://www.reddit.com/u/three18ti,,,
threedogfm,1,democrats,https://www.reddit.com/u/threedogfm,,,
threemileallan,1,democrats,https://www.reddit.com/u/threemileallan,,,
timoumd,1,democrats,https://www.reddit.com/u/timoumd,,,
tmone,1,Republican,https://www.reddit.com/u/tmone,,,
toeofcamell,0,democrats,https://www.reddit.com/u/toeofcamell,,,
toychristopher,1,democrats,https://www.reddit.com/u/toychristopher,,,
transientcat,1,democrats,https://www.reddit.com/u/transientcat,,,
trick1074,0,democrats,https://www.reddit.com/u/trick1074,,,
trot-trot,1,democrats,https://www.reddit.com/u/trot-trot,,,
troy_caster,0,democrats,https://www.reddit.com/u/troy_caster,,,
true4blue,1,Republican,https://www.reddit.com/u/true4blue,,,
truthseeeker,1,democrats,https://www.reddit.com/u/truthseeeker,,,
tuckmyjunksofast,1,Republican,https://www.reddit.com/u/tuckmyjunksofast,,,
turboderek,0,Republican,https://www.reddit.com/u/turboderek,,,
ultralame,1,democrats,https://www.reddit.com/u/ultralame,,,
unclefisty,1,democrats,https://www.reddit.com/u/unclefisty,,,
uncleoce,1,democrats,https://www.reddit.com/u/uncleoce,,,
unkerjay,1,democrats,https://www.reddit.com/u/unkerjay,,,
unscanable,1,democrats,https://www.reddit.com/u/unscanable,,,
uporondrocks,1,democrats,https://www.reddit.com/u/uporondrocks,,,
urbanlife78,1,Republican,https://www.reddit.com/u/urbanlife78,,,
usposeso,1,democrats,https://www.reddit.com/u/usposeso,,,
vacuu,1,Republican,https://www.reddit.com/u/vacuu,,,
vancityvic,1,Republican,https://www.reddit.com/u/vancityvic,,,
venicerocco,1,democrats,https://www.reddit.com/u/venicerocco,,,
verdango,1,Republican,https://www.reddit.com/u/verdango,,,
verneforchat,1,democrats,https://www.reddit.com/u/verneforchat,,,
vincoug,1,democrats,https://www.reddit.com/u/vincoug,,,
vkashen,1,democrats,https://www.reddit.com/u/vkashen,,,
voicesinmyhand,1,Republican,https://www.reddit.com/u/voicesinmyhand,,,
vonHindenburg,1,Republican,https://www.reddit.com/u/vonHindenburg,,,
walder_fuckin_frey,1,democrats,https://www.reddit.com/u/walder_fuckin_frey,,,
wandeurlyy,1,democrats,https://www.reddit.com/u/wandeurlyy,,,
wapowapowapowapowapo,1,Republican,https://www.reddit.com/u/wapowapowapowapowapo,,,
warmsludge,1,democrats,https://www.reddit.com/u/warmsludge,,,
wenchette,1,democrats,https://www.reddit.com/u/wenchette,,,
white_n_mild,1,democrats,https://www.reddit.com/u/white_n_mild,,,
wiseracer,1,Republican,https://www.reddit.com/u/wiseracer,,,
workerbee77,1,democrats,https://www.reddit.com/u/workerbee77,,,
wrasslem8,1,democrats,https://www.reddit.com/u/wrasslem8,,,
wsppan,1,democrats,https://www.reddit.com/u/wsppan,,,
wwabc,1,democrats,https://www.reddit.com/u/wwabc,,,
wwaxwork,1,democrats,https://www.reddit.com/u/wwaxwork,,,
xPineappless,0,Republican,https://www.reddit.com/u/xPineappless,,,
xiofar,0,democrats,https://www.reddit.com/u/xiofar,,,
xrudeboy420x,1,Republican,https://www.reddit.com/u/xrudeboy420x,,,
yaddibo,1,democrats,https://www.reddit.com/u/yaddibo,,,
yankeerich,1,democrats,https://www.reddit.com/u/yankeerich,,,
yinzer152,1,democrats,https://www.reddit.com/u/yinzer152,,,
ytman,1,democrats,https://www.reddit.com/u/ytman,,,
yunith,0,democrats,https://www.reddit.com/u/yunith,,,
zcleghern,1,democrats,https://www.reddit.com/u/zcleghern,,,
zelda-go-go,1,democrats,https://www.reddit.com/u/zelda-go-go,,,
zieger,1,democrats,https://www.reddit.com/u/zieger,,,
ziggyscardust,1,democrats,https://www.reddit.com/u/ziggyscardust,,,